variable,samples,response,method,test statistic,runtime,p.value,false.negative.01,false.negative.03,false.negative.05,false.negative.07,false.negative.1,false.positive.01,false.positive.03,false.positive.05,false.positive.07,false.positive.1
env1,25,UU,CQO,6.622482635373672,38.649,0,0,0,0,0,0,0,0,0,0,0
env2,25,UU,CQO,6.614415723199002,38.649,0,0,0,0,0,0,0,0,0,0,0
Noise,25,UU,CQO,0.0022133742019480106,38.649,0.9306930693069307,0,0,0,0,0,0,0,0,0,0
Noise,25,UU,CQO,0.004271836993652025,38.649,0.8514851485148515,0,0,0,0,0,0,0,0,0,0
env1,25,UU,CQO,6.718877459162424,32.66799999999989,0,0,0,0,0,0,0,0,0,0,0
env2,25,UU,CQO,6.722313703641079,32.66799999999989,0,0,0,0,0,0,0,0,0,0,0
Noise,25,UU,CQO,0.006367564181417857,32.66799999999989,0.7722772277227723,0,0,0,0,0,0,0,0,0,0
Noise,25,UU,CQO,0.004906566686314258,32.66799999999989,0.8316831683168316,0,0,0,0,0,0,0,0,0,0
env1,25,UU,CQO,6.729284701638342,30.78399999999965,0,0,0,0,0,0,0,0,0,0,0
env2,25,UU,CQO,6.728300331377893,30.78399999999965,0,0,0,0,0,0,0,0,0,0,0
Noise,25,UU,CQO,0.003261348810494257,30.78399999999965,0.9306930693069307,0,0,0,0,0,0,0,0,0,0
Noise,25,UU,CQO,0.005682348599175709,30.78399999999965,0.801980198019802,0,0,0,0,0,0,0,0,0,0
env1,25,UU,CQO,6.645966577773314,24.528000000000247,0,0,0,0,0,0,0,0,0,0,0
env2,25,UU,CQO,6.656427549258579,24.528000000000247,0,0,0,0,0,0,0,0,0,0,0
Noise,25,UU,CQO,0.002268842258659155,24.528000000000247,0.9702970297029703,0,0,0,0,0,0,0,0,0,0
Noise,25,UU,CQO,0.0093003291971702675,24.528000000000247,0.6534653465346535,0,0,0,0,0,0,0,0,0,0
env1,25,UU,CQO,6.597777410037401,33.679999999999836,0,0,0,0,0,0,0,0,0,0,0
env2,25,UU,CQO,6.586705979048895,33.679999999999836,0,0,0,0,0,0,0,0,0,0,0
Noise,25,UU,CQO,0.005245948797300703,33.679999999999836,0.7722772277227723,0,0,0,0,0,0,0,0,0,0
Noise,25,UU,CQO,0.007423892594408873,33.679999999999836,0.6831683168316832,0,0,0,0,0,0,0,0,0,0
env1,100,UU,CQO,5.9436737884436575,56.875999999999294,0,0,0,0,0,0,0,0,0,0,0
env2,100,UU,CQO,5.943729651881893,56.875999999999294,0,0,0,0,0,0,0,0,0,0,0
Noise,100,UU,CQO,0.0012816597195637461,56.875999999999294,0.7227722772277227,0,0,0,0,0,0,0,0,0,0
Noise,100,UU,CQO,6.595559380692871e-4,56.875999999999294,0.8712871287128713,0,0,0,0,0,0,0,0,0,0
env1,100,UU,CQO,4.977559246065217,52.15700000000015,0,0,0,0,0,0,0,0,0,0,0
env2,100,UU,CQO,4.977630026447813,52.15700000000015,0,0,0,0,0,0,0,0,0,0,0
Noise,100,UU,CQO,7.708617388149481e-4,52.15700000000015,0.8712871287128713,0,0,0,0,0,0,0,0,0,0
Noise,100,UU,CQO,1.9959338524039213e-4,52.15700000000015,0.9900990099009901,0,0,0,0,0,0,0,0,0,0
env1,100,UU,CQO,5.137608332781183,48.490999999999985,0,0,0,0,0,0,0,0,0,0,0
env2,100,UU,CQO,5.137908784822502,48.490999999999985,0,0,0,0,0,0,0,0,0,0,0
Noise,100,UU,CQO,7.585845875319832e-4,48.490999999999985,0.8217821782178217,0,0,0,0,0,0,0,0,0,0
Noise,100,UU,CQO,8.307753407921856e-4,48.490999999999985,0.8514851485148515,0,0,0,0,0,0,0,0,0,0
env1,100,UU,CQO,5.983131540347996,57.51600000000053,0,0,0,0,0,0,0,0,0,0,0
env2,100,UU,CQO,5.983100257092353,57.51600000000053,0,0,0,0,0,0,0,0,0,0,0
Noise,100,UU,CQO,9.323086122699159e-4,57.51600000000053,0.8415841584158416,0,0,0,0,0,0,0,0,0,0
Noise,100,UU,CQO,2.970302864324331e-4,57.51600000000053,0.9702970297029703,0,0,0,0,0,0,0,0,0,0
env1,100,UU,CQO,4.406056658813918,72.50300000000061,0,0,0,0,0,0,0,0,0,0,0
env2,100,UU,CQO,4.405593658755263,72.50300000000061,0,0,0,0,0,0,0,0,0,0,0
Noise,100,UU,CQO,2.659720116963374e-4,72.50300000000061,0.9801980198019802,0,0,0,0,0,0,0,0,0,0
Noise,100,UU,CQO,8.451054703867149e-4,72.50300000000061,0.8712871287128713,0,0,0,0,0,0,0,0,0,0
env1,225,UU,CQO,5.789246701437584,137.875,0,0,0,0,0,0,0,0,0,0,0
env2,225,UU,CQO,5.789278066187487,137.875,0,0,0,0,0,0,0,0,0,0,0
Noise,225,UU,CQO,3.2876628980827317e-4,137.875,0.9405940594059405,0,0,0,0,0,0,0,0,0,0
Noise,225,UU,CQO,5.322667595905729e-4,137.875,0.900990099009901,0,0,0,0,0,0,0,0,0,0
env1,225,UU,CQO,5.107895989539196,119.8229999999985,0,0,0,0,0,0,0,0,0,0,0
env2,225,UU,CQO,5.108179804236538,119.8229999999985,0,0,0,0,0,0,0,0,0,0,0
Noise,225,UU,CQO,8.269128211942354e-4,119.8229999999985,0.8514851485148515,0,0,0,0,0,0,0,0,0,0
Noise,225,UU,CQO,0.001202754889895814,119.8229999999985,0.7128712871287128,0,0,0,0,0,0,0,0,0,0
env1,225,UU,CQO,5.582146533260388,113.59900000000016,0,0,0,0,0,0,0,0,0,0,0
env2,225,UU,CQO,5.582368551300966,113.59900000000016,0,0,0,0,0,0,0,0,0,0,0
Noise,225,UU,CQO,0.0012146562287553638,113.59900000000016,0.6039603960396039,0,0,0,0,0,0,0,0,0,0
Noise,225,UU,CQO,1.5714901362447875e-4,113.59900000000016,0.9702970297029703,0,0,0,0,0,0,0,0,0,0
env1,225,UU,CQO,5.270828617048465,130.39199999999983,0,0,0,0,0,0,0,0,0,0,0
env2,225,UU,CQO,5.270865714826642,130.39199999999983,0,0,0,0,0,0,0,0,0,0,0
Noise,225,UU,CQO,1.038058259667731e-4,130.39199999999983,0.9900990099009901,0,0,0,0,0,0,0,0,0,0
Noise,225,UU,CQO,5.845912612169226e-4,130.39199999999983,0.8712871287128713,0,0,0,0,0,0,0,0,0,0
env1,225,UU,CQO,5.653491643353982,123.84199999999691,0,0,0,0,0,0,0,0,0,0,0
env2,225,UU,CQO,5.653380287790855,123.84199999999691,0,0,0,0,0,0,0,0,0,0,0
Noise,225,UU,CQO,4.375412222972102e-4,123.84199999999691,0.9306930693069307,0,0,0,0,0,0,0,0,0,0
Noise,225,UU,CQO,3.080640486910634e-4,123.84199999999691,0.9801980198019802,0,0,0,0,0,0,0,0,0,0
env1,400,UU,CQO,5.389289406649183,985.7419999999984,0,0,0,0,0,0,0,0,0,0,0
env2,400,UU,CQO,5.389157567661737,985.7419999999984,0,0,0,0,0,0,0,0,0,0,0
Noise,400,UU,CQO,6.463267971202532e-4,985.7419999999984,0.8613861386138614,0,0,0,0,0,0,0,0,0,0
Noise,400,UU,CQO,2.0460883542593004e-4,985.7419999999984,0.9900990099009901,0,0,0,0,0,0,0,0,0,0
env1,400,UU,CQO,5.684010424314085,226.65399999999863,0,0,0,0,0,0,0,0,0,0,0
env2,400,UU,CQO,5.684004745184258,226.65399999999863,0,0,0,0,0,0,0,0,0,0,0
Noise,400,UU,CQO,2.7233850185441133e-4,226.65399999999863,0.9603960396039604,0,0,0,0,0,0,0,0,0,0
Noise,400,UU,CQO,4.380942640496029e-4,226.65399999999863,0.9108910891089109,0,0,0,0,0,0,0,0,0,0
env1,400,UU,CQO,5.635168024228873,225.24599999999919,0,0,0,0,0,0,0,0,0,0,0
env2,400,UU,CQO,5.635123758599429,225.24599999999919,0,0,0,0,0,0,0,0,0,0,0
Noise,400,UU,CQO,4.754687276665767e-5,225.24599999999919,0.9801980198019802,0,0,0,0,0,0,0,0,0,0
Noise,400,UU,CQO,3.7650302797091875e-4,225.24599999999919,0.9207920792079208,0,0,0,0,0,0,0,0,0,0
env1,400,UU,CQO,5.680602467387534,187.08699999999953,0,0,0,0,0,0,0,0,0,0,0
env2,400,UU,CQO,5.680591231600801,187.08699999999953,0,0,0,0,0,0,0,0,0,0,0
Noise,400,UU,CQO,5.15131010773374e-4,187.08699999999953,0.8712871287128713,0,0,0,0,0,0,0,0,0,0
Noise,400,UU,CQO,3.952815255186746e-4,187.08699999999953,0.9108910891089109,0,0,0,0,0,0,0,0,0,0
env1,400,UU,CQO,5.653686251249189,182.07400000000052,0,0,0,0,0,0,0,0,0,0,0
env2,400,UU,CQO,5.65373083790897,182.07400000000052,0,0,0,0,0,0,0,0,0,0,0
Noise,400,UU,CQO,2.8773646278417787e-4,182.07400000000052,0.9306930693069307,0,0,0,0,0,0,0,0,0,0
Noise,400,UU,CQO,6.307620344436903e-4,182.07400000000052,0.8316831683168316,0,0,0,0,0,0,0,0,0,0
env1,625,UU,CQO,4.250458650187591,249.65299999999843,0,0,0,0,0,0,0,0,0,0,0
env2,625,UU,CQO,4.250538890630201,249.65299999999843,0,0,0,0,0,0,0,0,0,0,0
Noise,625,UU,CQO,0.0010576046230529078,249.65299999999843,0.5346534653465347,0,0,0,0,0,0,0,0,0,0
Noise,625,UU,CQO,4.731328584926987e-4,249.65299999999843,0.8316831683168316,0,0,0,0,0,0,0,0,0,0
env1,625,UU,CQO,5.531058325694444,1078.6489999999976,0,0,0,0,0,0,0,0,0,0,0
env2,625,UU,CQO,5.531087580795293,1078.6489999999976,0,0,0,0,0,0,0,0,0,0,0
Noise,625,UU,CQO,9.699493539803484e-5,1078.6489999999976,0.9702970297029703,0,0,0,0,0,0,0,0,0,0
Noise,625,UU,CQO,1.1918854728428335e-4,1078.6489999999976,0.9702970297029703,0,0,0,0,0,0,0,0,0,0
env1,625,UU,CQO,5.504833141887051,1034.916999999994,0,0,0,0,0,0,0,0,0,0,0
env2,625,UU,CQO,5.50485943794648,1034.916999999994,0,0,0,0,0,0,0,0,0,0,0
Noise,625,UU,CQO,4.6921691979155114e-4,1034.916999999994,0.8910891089108911,0,0,0,0,0,0,0,0,0,0
Noise,625,UU,CQO,5.209576521830944e-4,1034.916999999994,0.8217821782178217,0,0,0,0,0,0,0,0,0,0
env1,625,UU,CQO,5.530502850280455,1075.648000000001,0,0,0,0,0,0,0,0,0,0,0
env2,625,UU,CQO,5.530475446975913,1075.648000000001,0,0,0,0,0,0,0,0,0,0,0
Noise,625,UU,CQO,2.156651208334099e-4,1075.648000000001,0.9504950495049505,0,0,0,0,0,0,0,0,0,0
Noise,625,UU,CQO,2.527565485150379e-4,1075.648000000001,0.900990099009901,0,0,0,0,0,0,0,0,0,0
env1,625,UU,CQO,5.620805142845597,1023.3499999999913,0,0,0,0,0,0,0,0,0,0,0
env2,625,UU,CQO,5.620807232200319,1023.3499999999913,0,0,0,0,0,0,0,0,0,0,0
Noise,625,UU,CQO,1.0336738007254577e-4,1023.3499999999913,0.9702970297029703,0,0,0,0,0,0,0,0,0,0
Noise,625,UU,CQO,1.0178661695227967e-4,1023.3499999999913,0.9603960396039604,0,0,0,0,0,0,0,0,0,0
env1,900,UU,CQO,5.581612472198573,1689.81,0,0,0,0,0,0,0,0,0,0,0
env2,900,UU,CQO,5.581610104503261,1689.81,0,0,0,0,0,0,0,0,0,0,0
Noise,900,UU,CQO,6.403771378325959e-5,1689.81,0.9900990099009901,0,0,0,0,0,0,0,0,0,0
Noise,900,UU,CQO,1.6907342748989466e-4,1689.81,0.9801980198019802,0,0,0,0,0,0,0,0,0,0
env1,900,UU,CQO,5.499048165740854,1989.6400000000012,0,0,0,0,0,0,0,0,0,0,0
env2,900,UU,CQO,5.499034972610985,1989.6400000000012,0,0,0,0,0,0,0,0,0,0,0
Noise,900,UU,CQO,1.936807173385739e-4,1989.6400000000012,0.9603960396039604,0,0,0,0,0,0,0,0,0,0
Noise,900,UU,CQO,2.5680397431416787e-4,1989.6400000000012,0.9405940594059405,0,0,0,0,0,0,0,0,0,0
env1,900,UU,CQO,5.5807501078155575,1888.1670000000013,0,0,0,0,0,0,0,0,0,0,0
env2,900,UU,CQO,5.580748034871227,1888.1670000000013,0,0,0,0,0,0,0,0,0,0,0
Noise,900,UU,CQO,1.0098947978102896e-4,1888.1670000000013,0.9801980198019802,0,0,0,0,0,0,0,0,0,0
Noise,900,UU,CQO,1.0461021260798167e-4,1888.1670000000013,0.9900990099009901,0,0,0,0,0,0,0,0,0,0
env1,900,UU,CQO,5.401347946914484,1942.8949999999968,0,0,0,0,0,0,0,0,0,0,0
env2,900,UU,CQO,5.401326300141238,1942.8949999999968,0,0,0,0,0,0,0,0,0,0,0
Noise,900,UU,CQO,2.888667172457214e-4,1942.8949999999968,0.9405940594059405,0,0,0,0,0,0,0,0,0,0
Noise,900,UU,CQO,2.5331964143410115e-4,1942.8949999999968,0.9702970297029703,0,0,0,0,0,0,0,0,0,0
env1,900,UU,CQO,5.584376790100032,1938.7489999999962,0,0,0,0,0,0,0,0,0,0,0
env2,900,UU,CQO,5.584376205484893,1938.7489999999962,0,0,0,0,0,0,0,0,0,0,0
Noise,900,UU,CQO,5.25199689231299e-4,1938.7489999999962,0.8217821782178217,0,0,0,0,0,0,0,0,0,0
Noise,900,UU,CQO,2.6596089342448027e-4,1938.7489999999962,0.9504950495049505,0,0,0,0,0,0,0,0,0,0
env1,25,UL,CQO,1.1029191650090024,21.40799999999581,0.1782178217821782,1,1,1,1,1,0,0,0,0,0
env2,25,UL,CQO,1.098458882304811,21.40799999999581,0.10891089108910891,1,1,1,1,1,0,0,0,0,0
Noise,25,UL,CQO,0.014703061824207723,21.40799999999581,0.9108910891089109,0,0,0,0,0,0,0,0,0,0
Noise,25,UL,CQO,0.09816201931159155,21.40799999999581,0.43564356435643564,0,0,0,0,0,0,0,0,0,0
env1,25,UL,CQO,4.872717085427883,82.10700000000361,0,0,0,0,0,0,0,0,0,0,0
env2,25,UL,CQO,1.1237942586353142,82.10700000000361,0.3069306930693069,1,1,1,1,1,0,0,0,0,0
Noise,25,UL,CQO,0.052560503196834335,82.10700000000361,0.6831683168316832,0,0,0,0,0,0,0,0,0,0
Noise,25,UL,CQO,0.054126416989066756,82.10700000000361,0.6732673267326733,0,0,0,0,0,0,0,0,0,0
env1,25,UL,CQO,1.2949762565041487,17.911999999996624,0.07920792079207921,1,1,1,1,0,0,0,0,0,0
env2,25,UL,CQO,1.2870360504812595,17.911999999996624,0.09900990099009901,1,1,1,1,0,0,0,0,0,0
Noise,25,UL,CQO,0.0843240821771577,17.911999999996624,0.594059405940594,0,0,0,0,0,0,0,0,0,0
Noise,25,UL,CQO,0.11572019591827849,17.911999999996624,0.5643564356435643,0,0,0,0,0,0,0,0,0,0
env1,25,UL,CQO,4.926508317356831,26.187999999994645,0,0,0,0,0,0,0,0,0,0,0
env2,25,UL,CQO,0.8367490024098833,26.187999999994645,0.504950495049505,1,1,1,1,1,0,0,0,0,0
Noise,25,UL,CQO,0.04419239013752207,26.187999999994645,0.8613861386138614,0,0,0,0,0,0,0,0,0,0
Noise,25,UL,CQO,0.08388391708139965,26.187999999994645,0.6336633663366337,0,0,0,0,0,0,0,0,0,0
env1,25,UL,CQO,1.0312041124203069,19.529999999998836,0.37623762376237624,1,1,1,1,1,0,0,0,0,0
env2,25,UL,CQO,1.0219170102911685,19.529999999998836,0.42574257425742573,1,1,1,1,1,0,0,0,0,0
Noise,25,UL,CQO,0.12468318837468531,19.529999999998836,0.5346534653465347,0,0,0,0,0,0,0,0,0,0
Noise,25,UL,CQO,0.059754515012028574,19.529999999998836,0.5643564356435643,0,0,0,0,0,0,0,0,0,0
env1,100,UL,CQO,1.3285421622397495,44.19899999999325,0.009900990099009901,0,0,0,0,0,0,0,0,0,0
env2,100,UL,CQO,1.3270341541341164,44.19899999999325,0.009900990099009901,0,0,0,0,0,0,0,0,0,0
Noise,100,UL,CQO,0.030765535055829758,44.19899999999325,0.3069306930693069,0,0,0,0,0,0,0,0,0,0
Noise,100,UL,CQO,0.055309184898461504,44.19899999999325,0.2079207920792079,0,0,0,0,0,0,0,0,0,0
env1,100,UL,CQO,1.079092555013154,60.9149999999936,0.12871287128712872,1,1,1,1,1,0,0,0,0,0
env2,100,UL,CQO,1.0789978459616345,60.9149999999936,0.19801980198019803,1,1,1,1,1,0,0,0,0,0
Noise,100,UL,CQO,0.013265166303572589,60.9149999999936,0.6633663366336634,0,0,0,0,0,0,0,0,0,0
Noise,100,UL,CQO,0.0063708163760408405,60.9149999999936,0.8217821782178217,0,0,0,0,0,0,0,0,0,0
env1,100,UL,CQO,4.286449860323636,59.353999999992084,0,0,0,0,0,0,0,0,0,0,0
env2,100,UL,CQO,0.8916660624686246,59.353999999992084,0.6039603960396039,1,1,1,1,1,0,0,0,0,0
Noise,100,UL,CQO,0.0032757823936423276,59.353999999992084,0.9108910891089109,0,0,0,0,0,0,0,0,0,0
Noise,100,UL,CQO,0.026572240656006923,59.353999999992084,0.45544554455445546,0,0,0,0,0,0,0,0,0,0
env1,100,UL,CQO,1.1353930651650324,72.08000000000175,0.21782178217821782,1,1,1,1,1,0,0,0,0,0
env2,100,UL,CQO,1.1352986763896458,72.08000000000175,0.38613861386138615,1,1,1,1,1,0,0,0,0,0
Noise,100,UL,CQO,0.010963936855858378,72.08000000000175,0.7821782178217822,0,0,0,0,0,0,0,0,0,0
Noise,100,UL,CQO,0.00975457432122918,72.08000000000175,0.7722772277227723,0,0,0,0,0,0,0,0,0,0
env1,100,UL,CQO,1.39353197276806,73.5850000000064,0,0,0,0,0,0,0,0,0,0,0
env2,100,UL,CQO,1.3929898249954475,73.5850000000064,0,0,0,0,0,0,0,0,0,0,0
Noise,100,UL,CQO,0.03859558560382548,73.5850000000064,0.3069306930693069,0,0,0,0,0,0,0,0,0,0
Noise,100,UL,CQO,0.004797469355576374,73.5850000000064,0.8910891089108911,0,0,0,0,0,0,0,0,0,0
env1,225,UL,CQO,1.369305731666087,191.1070000000036,0,0,0,0,0,0,0,0,0,0,0
env2,225,UL,CQO,1.3689134737991577,191.1070000000036,0,0,0,0,0,0,0,0,0,0,0
Noise,225,UL,CQO,0.006457035738584288,191.1070000000036,0.693069306930693,0,0,0,0,0,0,0,0,0,0
Noise,225,UL,CQO,0.03213582946167855,191.1070000000036,0.22772277227722773,0,0,0,0,0,0,0,0,0,0
env1,225,UL,CQO,1.3688221185482434,132.35599999999977,0.009900990099009901,0,0,0,0,0,0,0,0,0,0
env2,225,UL,CQO,1.368409724319994,132.35599999999977,0.0297029702970297,1,0,0,0,0,0,0,0,0,0
Noise,225,UL,CQO,0.03142422697028058,132.35599999999977,0.15841584158415842,0,0,0,0,0,0,0,0,0,0
Noise,225,UL,CQO,0.011892275314944339,132.35599999999977,0.5346534653465347,0,0,0,0,0,0,0,0,0,0
env1,225,UL,CQO,1.4006741512830598,111.5170000000071,0,0,0,0,0,0,0,0,0,0,0
env2,225,UL,CQO,1.4005080077373901,111.5170000000071,0,0,0,0,0,0,0,0,0,0,0
Noise,225,UL,CQO,0.01945446768200737,111.5170000000071,0.2871287128712871,0,0,0,0,0,0,0,0,0,0
Noise,225,UL,CQO,0.009343435454257788,111.5170000000071,0.6138613861386139,0,0,0,0,0,0,0,0,0,0
env1,225,UL,CQO,1.3515585366479166,122.11299999999756,0,0,0,0,0,0,0,0,0,0,0
env2,225,UL,CQO,1.3511759557875092,122.11299999999756,0.009900990099009901,0,0,0,0,0,0,0,0,0,0
Noise,225,UL,CQO,0.032163757392338795,122.11299999999756,0.22772277227722773,0,0,0,0,0,0,0,0,0,0
Noise,225,UL,CQO,3.7351557845801504e-4,122.11299999999756,0.9801980198019802,0,0,0,0,0,0,0,0,0,0
env1,225,UL,CQO,1.3902783379364914,124.1770000000106,0.009900990099009901,0,0,0,0,0,0,0,0,0,0
env2,225,UL,CQO,1.3901539612841218,124.1770000000106,0.009900990099009901,0,0,0,0,0,0,0,0,0,0
Noise,225,UL,CQO,0.0012310542721810798,124.1770000000106,0.9405940594059405,0,0,0,0,0,0,0,0,0,0
Noise,225,UL,CQO,0.018555865045915963,124.1770000000106,0.39603960396039606,0,0,0,0,0,0,0,0,0,0
env1,400,UL,CQO,1.324623485867521,308.03399999999965,0.0297029702970297,1,0,0,0,0,0,0,0,0,0
env2,400,UL,CQO,1.3245555251789736,308.03399999999965,0.009900990099009901,0,0,0,0,0,0,0,0,0,0
Noise,400,UL,CQO,0.00646882734703285,308.03399999999965,0.7227722772277227,0,0,0,0,0,0,0,0,0,0
Noise,400,UL,CQO,0.011756443997000533,308.03399999999965,0.4752475247524752,0,0,0,0,0,0,0,0,0,0
env1,400,UL,CQO,1.407560472782417,171.33899999999267,0,0,0,0,0,0,0,0,0,0,0
env2,400,UL,CQO,1.4072910465498074,171.33899999999267,0,0,0,0,0,0,0,0,0,0,0
Noise,400,UL,CQO,0.011887363619762295,171.33899999999267,0.5346534653465347,0,0,0,0,0,0,0,0,0,0
Noise,400,UL,CQO,0.02484706147252589,171.33899999999267,0.25742574257425743,0,0,0,0,0,0,0,0,0,0
env1,400,UL,CQO,1.3902905430500252,197.94000000000233,0,0,0,0,0,0,0,0,0,0,0
env2,400,UL,CQO,1.3902096443107,197.94000000000233,0,0,0,0,0,0,0,0,0,0,0
Noise,400,UL,CQO,0.00922904581674349,197.94000000000233,0.45544554455445546,0,0,0,0,0,0,0,0,0,0
Noise,400,UL,CQO,0.011828464459845124,197.94000000000233,0.5346534653465347,0,0,0,0,0,0,0,0,0,0
env1,400,UL,CQO,4.071376062553461,908.4349999999977,0,0,0,0,0,0,0,0,0,0,0
env2,400,UL,CQO,0.8178355445953986,908.4349999999977,0.38613861386138615,1,1,1,1,1,0,0,0,0,0
Noise,400,UL,CQO,0.017157242038235283,908.4349999999977,0.3564356435643564,0,0,0,0,0,0,0,0,0,0
Noise,400,UL,CQO,0.005811471521465366,908.4349999999977,0.7029702970297029,0,0,0,0,0,0,0,0,0,0
env1,400,UL,CQO,1.340340638962692,184.33900000000722,0,0,0,0,0,0,0,0,0,0,0
env2,400,UL,CQO,1.3403338472243758,184.33900000000722,0.039603960396039604,1,1,0,0,0,0,0,0,0,0
Noise,400,UL,CQO,0.003935090783764939,184.33900000000722,0.7821782178217822,0,0,0,0,0,0,0,0,0,0
Noise,400,UL,CQO,0.001697770956068363,184.33900000000722,0.8712871287128713,0,0,0,0,0,0,0,0,0,0
env1,625,UL,CQO,4.039367839639639,301.538,0,0,0,0,0,0,0,0,0,0,0
env2,625,UL,CQO,0.6947761033522932,301.538,0.9900990099009901,1,1,1,1,1,0,0,0,0,0
Noise,625,UL,CQO,0.004555664964652162,301.538,0.9900990099009901,0,0,0,0,0,0,0,0,0,0
Noise,625,UL,CQO,0.00967297308652169,301.538,0.9900990099009901,0,0,0,0,0,0,0,0,0,0
env1,625,UL,CQO,1.4017153449914053,411.10899999999947,0,0,0,0,0,0,0,0,0,0,0
env2,625,UL,CQO,1.401648478462247,411.10899999999947,0.4158415841584158,1,1,1,1,1,0,0,0,0,0
Noise,625,UL,CQO,0.002533946454545828,411.10899999999947,0.9900990099009901,0,0,0,0,0,0,0,0,0,0
Noise,625,UL,CQO,0.013470460364889617,411.10899999999947,0.9900990099009901,0,0,0,0,0,0,0,0,0,0
env1,625,UL,CQO,1.3539225371150114,373.1730000000007,0,0,0,0,0,0,0,0,0,0,0
env2,625,UL,CQO,1.3538061799371472,373.1730000000007,0.33663366336633666,1,1,1,1,1,0,0,0,0,0
Noise,625,UL,CQO,0.004229924323017947,373.1730000000007,0.9900990099009901,0,0,0,0,0,0,0,0,0,0
Noise,625,UL,CQO,0.0172463752497567,373.1730000000007,0.9900990099009901,0,0,0,0,0,0,0,0,0,0
env1,625,UL,CQO,1.3443323738810493,357.7429999999986,0,0,0,0,0,0,0,0,0,0,0
env2,625,UL,CQO,1.3442034160922638,357.7429999999986,0.36633663366336633,1,1,1,1,1,0,0,0,0,0
Noise,625,UL,CQO,0.018632824968651047,357.7429999999986,0.9900990099009901,0,0,0,0,0,0,0,0,0,0
Noise,625,UL,CQO,9.541085676038805e-4,357.7429999999986,0.9900990099009901,0,0,0,0,0,0,0,0,0,0
env1,625,UL,CQO,1.2922963566851873,310.0410000000011,0,0,0,0,0,0,0,0,0,0,0
env2,625,UL,CQO,1.292238496545469,310.0410000000011,0.48514851485148514,1,1,1,1,1,0,0,0,0,0
Noise,625,UL,CQO,0.0033781788925669374,310.0410000000011,0.9900990099009901,0,0,0,0,0,0,0,0,0,0
Noise,625,UL,CQO,0.01178377979708269,310.0410000000011,0.9900990099009901,0,0,0,0,0,0,0,0,0,0
env1,900,UL,CQO,1.40864892848994,667.577,0,0,0,0,0,0,0,0,0,0,0
env2,900,UL,CQO,1.408644779619594,667.577,0.1485148514851485,1,1,1,1,1,0,0,0,0,0
Noise,900,UL,CQO,3.2416052042033724e-4,667.577,0.9900990099009901,0,0,0,0,0,0,0,0,0,0
Noise,900,UL,CQO,0.003432877793188182,667.577,0.9900990099009901,0,0,0,0,0,0,0,0,0,0
env1,900,UL,CQO,4.002283675092477,532.2879999999986,0,0,0,0,0,0,0,0,0,0,0
env2,900,UL,CQO,0.7924979671396541,532.2879999999986,0.9900990099009901,1,1,1,1,1,0,0,0,0,0
Noise,900,UL,CQO,0.002608670498396361,532.2879999999986,0.9900990099009901,0,0,0,0,0,0,0,0,0,0
Noise,900,UL,CQO,0.004203392449246559,532.2879999999986,0.9900990099009901,0,0,0,0,0,0,0,0,0,0
env1,900,UL,CQO,4.012798680729736,422.3130000000019,0,0,0,0,0,0,0,0,0,0,0
env2,900,UL,CQO,0.7094398572566163,422.3130000000019,0.9900990099009901,1,1,1,1,1,0,0,0,0,0
Noise,900,UL,CQO,0.007824498696277478,422.3130000000019,0.9900990099009901,0,0,0,0,0,0,0,0,0,0
Noise,900,UL,CQO,0.005286727648128381,422.3130000000019,0.9900990099009901,0,0,0,0,0,0,0,0,0,0
env1,900,UL,CQO,1.2217760927638244,1782.6229999999996,0.039603960396039604,1,1,0,0,0,0,0,0,0,0
env2,900,UL,CQO,1.2217139836262672,1782.6229999999996,0.40594059405940597,1,1,1,1,1,0,0,0,0,0
Noise,900,UL,CQO,0.012310586760478885,1782.6229999999996,0.9900990099009901,0,0,0,0,0,0,0,0,0,0
Noise,900,UL,CQO,4.810863444533489e-4,1782.6229999999996,0.9900990099009901,0,0,0,0,0,0,0,0,0,0
env1,900,UL,CQO,4.013088789509116,411.43599999999424,0,0,0,0,0,0,0,0,0,0,0
env2,900,UL,CQO,0.7087074751938568,411.43599999999424,0.9900990099009901,1,1,1,1,1,0,0,0,0,0
Noise,900,UL,CQO,0.0036949628675808288,411.43599999999424,0.9900990099009901,0,0,0,0,0,0,0,0,0,0
Noise,900,UL,CQO,0.0076513042563095875,411.43599999999424,0.9900990099009901,0,0,0,0,0,0,0,0,0,0
env1,100,UB,CQO,1.3687965932005772,104.70000000000005,0.0297029702970297,1,0,0,0,0,0,0,0,0,0
env2,100,UB,CQO,1.3684250114909444,104.70000000000005,0.0297029702970297,1,0,0,0,0,0,0,0,0,0
Noise,100,UB,CQO,0.040686570211153975,104.70000000000005,0.6138613861386139,0,0,0,0,0,0,0,0,0,0
Noise,100,UB,CQO,0.03109302702615867,104.70000000000005,0.6633663366336634,0,0,0,0,0,0,0,0,0,0
env1,100,UB,CQO,1.3340387847818593,82.87300000000005,0.039603960396039604,1,1,0,0,0,0,0,0,0,0
env2,100,UB,CQO,1.3325053832755862,82.87300000000005,0.039603960396039604,1,1,0,0,0,0,0,0,0,0
Noise,100,UB,CQO,0.002499263769817292,82.87300000000005,0.9900990099009901,0,0,0,0,0,0,0,0,0,0
Noise,100,UB,CQO,0.06455399841253599,82.87300000000005,0.3564356435643564,0,0,0,0,0,0,0,0,0,0
env1,100,UB,CQO,1.1997337698188026,77.02800000000025,0.04950495049504951,1,1,0,0,0,0,0,0,0,0
env2,100,UB,CQO,1.199690089504898,77.02800000000025,0.0594059405940594,1,1,1,0,0,0,0,0,0,0
Noise,100,UB,CQO,0.00329114466448609,77.02800000000025,0.9900990099009901,0,0,0,0,0,0,0,0,0,0
Noise,100,UB,CQO,0.01035849741890778,77.02800000000025,0.9108910891089109,0,0,0,0,0,0,0,0,0,0
env1,100,UB,CQO,6.9017238714273645,67.86200000000008,0,0,0,0,0,0,0,0,0,0,0
env2,100,UB,CQO,2.9866273583917526,67.86200000000008,0,0,0,0,0,0,0,0,0,0,0
Noise,100,UB,CQO,0.09557606065829437,67.86200000000008,0.24752475247524752,0,0,0,0,0,0,0,0,0,0
Noise,100,UB,CQO,0.0699681749761688,67.86200000000008,0.37623762376237624,0,0,0,0,0,0,0,0,0,0
env1,100,UB,CQO,1.4092031380338175,93.42599999999948,0,0,0,0,0,0,0,0,0,0,0
env2,100,UB,CQO,1.40898194247607,93.42599999999948,0,0,0,0,0,0,0,0,0,0,0
Noise,100,UB,CQO,0.03333830220377296,93.42599999999948,0.5841584158415841,0,0,0,0,0,0,0,0,0,0
Noise,100,UB,CQO,0.022826313175603505,93.42599999999948,0.8118811881188119,0,0,0,0,0,0,0,0,0,0
env1,225,UB,CQO,1.2947549437882342,207.96900000000002,0,0,0,0,0,0,0,0,0,0,0
env2,225,UB,CQO,1.2946616190257352,207.96900000000002,0,0,0,0,0,0,0,0,0,0,0
Noise,225,UB,CQO,0.024260134862381565,207.96900000000002,0.7029702970297029,0,0,0,0,0,0,0,0,0,0
Noise,225,UB,CQO,0.01078913567284674,207.96900000000002,0.8712871287128713,0,0,0,0,0,0,0,0,0,0
env1,225,UB,CQO,6.569647621439055,174.7460000000001,0,0,0,0,0,0,0,0,0,0,0
env2,225,UB,CQO,3.006364189050308,174.7460000000001,0,0,0,0,0,0,0,0,0,0,0
Noise,225,UB,CQO,0.019393642130567303,174.7460000000001,0.7524752475247525,0,0,0,0,0,0,0,0,0,0
Noise,225,UB,CQO,0.048453711677489256,174.7460000000001,0.40594059405940597,0,0,0,0,0,0,0,0,0,0
env1,225,UB,CQO,1.139098460829441,207.20699999999943,0.12871287128712872,1,1,1,1,1,0,0,0,0,0
env2,225,UB,CQO,1.1391550489498181,207.20699999999943,0.06930693069306931,1,1,1,0,0,0,0,0,0,0
Noise,225,UB,CQO,0.010919045780047994,207.20699999999943,0.8514851485148515,0,0,0,0,0,0,0,0,0,0
Noise,225,UB,CQO,0.016369107884672163,207.20699999999943,0.8217821782178217,0,0,0,0,0,0,0,0,0,0
env1,225,UB,CQO,1.3971602043807647,732.2909999999993,0,0,0,0,0,0,0,0,0,0,0
env2,225,UB,CQO,1.39695662085837,732.2909999999993,0,0,0,0,0,0,0,0,0,0,0
Noise,225,UB,CQO,0.004150938141804848,732.2909999999993,0.9900990099009901,0,0,0,0,0,0,0,0,0,0
Noise,225,UB,CQO,0.026178668578619717,732.2909999999993,0.6039603960396039,0,0,0,0,0,0,0,0,0,0
env1,225,UB,CQO,1.3870253709782268,171.85200000000077,0,0,0,0,0,0,0,0,0,0,0
env2,225,UB,CQO,1.3861442721404762,171.85200000000077,0,0,0,0,0,0,0,0,0,0,0
Noise,225,UB,CQO,0.04969607538326321,171.85200000000077,0.33663366336633666,0,0,0,0,0,0,0,0,0,0
Noise,225,UB,CQO,0.021680740205686777,171.85200000000077,0.6831683168316832,0,0,0,0,0,0,0,0,0,0
env1,400,UB,CQO,1.0492585308279312,1175.2739999999976,0.039603960396039604,1,1,0,0,0,0,0,0,0,0
env2,400,UB,CQO,1.0492461415090306,1175.2739999999976,0,0,0,0,0,0,0,0,0,0,0
Noise,400,UB,CQO,0.010049707130704782,1175.2739999999976,0.7425742574257426,0,0,0,0,0,0,0,0,0,0
Noise,400,UB,CQO,0.007370225822188853,1175.2739999999976,0.9108910891089109,0,0,0,0,0,0,0,0,0,0
env1,400,UB,CQO,6.466975607190848,270.15400000000227,0,0,0,0,0,0,0,0,0,0,0
env2,400,UB,CQO,2.844934876345333,270.15400000000227,0,0,0,0,0,0,0,0,0,0,0
Noise,400,UB,CQO,0.04837489929405383,270.15400000000227,0.12871287128712872,0,0,0,0,0,0,0,0,0,0
Noise,400,UB,CQO,0.03119678529697668,270.15400000000227,0.37623762376237624,0,0,0,0,0,0,0,0,0,0
env1,400,UB,CQO,1.2296346098031803,293.41499999999724,0.13861386138613863,1,1,1,1,1,0,0,0,0,0
env2,400,UB,CQO,1.2295547118134773,293.41499999999724,0.009900990099009901,0,0,0,0,0,0,0,0,0,0
Noise,400,UB,CQO,0.006901587617370711,293.41499999999724,0.8712871287128713,0,0,0,0,0,0,0,0,0,0
Noise,400,UB,CQO,0.018910402628387522,293.41499999999724,0.594059405940594,0,0,0,0,0,0,0,0,0,0
env1,400,UB,CQO,1.4122503169603986,259.6709999999948,0,0,0,0,0,0,0,0,0,0,0
env2,400,UB,CQO,1.4122411104286658,259.6709999999948,0,0,0,0,0,0,0,0,0,0,0
Noise,400,UB,CQO,0.006343402006576627,259.6709999999948,0.9405940594059405,0,0,0,0,0,0,0,0,0,0
Noise,400,UB,CQO,0.0030352006579506064,259.6709999999948,0.9504950495049505,0,0,0,0,0,0,0,0,0,0
env1,400,UB,CQO,6.536700087544775,315.0540000000037,0,0,0,0,0,0,0,0,0,0,0
env2,400,UB,CQO,2.4882633112623735,315.0540000000037,0,0,0,0,0,0,0,0,0,0,0
Noise,400,UB,CQO,0.022038762757172634,315.0540000000037,0.5148514851485149,0,0,0,0,0,0,0,0,0,0
Noise,400,UB,CQO,0.018000482176605773,315.0540000000037,0.5544554455445545,0,0,0,0,0,0,0,0,0,0
env1,625,UB,CQO,1.3296284021420839,1754.1960000000036,0,0,0,0,0,0,0,0,0,0,0
env2,625,UB,CQO,1.329630201647855,1754.1960000000036,0,0,0,0,0,0,0,0,0,0,0
Noise,625,UB,CQO,0.005476005946400177,1754.1960000000036,0.900990099009901,0,0,0,0,0,0,0,0,0,0
Noise,625,UB,CQO,0.004843475926932153,1754.1960000000036,0.9603960396039604,0,0,0,0,0,0,0,0,0,0
env1,625,UB,CQO,6.472664356532163,1901.104999999996,0,0,0,0,0,0,0,0,0,0,0
env2,625,UB,CQO,2.563165522044971,1901.104999999996,0,0,0,0,0,0,0,0,0,0,0
Noise,625,UB,CQO,0.07673122793994533,1901.104999999996,0.019801980198019802,0,0,0,0,0,0,1,1,1,1
Noise,625,UB,CQO,0.012840436044354968,1901.104999999996,0.801980198019802,0,0,0,0,0,0,0,0,0,0
env1,625,UB,CQO,1.0829435769058107,473.91300000000047,0.04950495049504951,1,1,0,0,0,0,0,0,0,0
env2,625,UB,CQO,1.0829515286511184,473.91300000000047,0.09900990099009901,1,1,1,1,0,0,0,0,0,0
Noise,625,UB,CQO,0.00495376680474492,473.91300000000047,0.9306930693069307,0,0,0,0,0,0,0,0,0,0
Noise,625,UB,CQO,0.006318345030934719,473.91300000000047,0.9306930693069307,0,0,0,0,0,0,0,0,0,0
env1,625,UB,CQO,6.263667519133371,477.79899999999907,0,0,0,0,0,0,0,0,0,0,0
env2,625,UB,CQO,2.9365394040590838,477.79899999999907,0,0,0,0,0,0,0,0,0,0,0
Noise,625,UB,CQO,0.04553864022048085,477.79899999999907,0.18811881188118812,0,0,0,0,0,0,0,0,0,0
Noise,625,UB,CQO,0.03463473150221115,477.79899999999907,0.3465346534653465,0,0,0,0,0,0,0,0,0,0
env1,625,UB,CQO,6.138149486439532,502.9340000000084,0,0,0,0,0,0,0,0,0,0,0
env2,625,UB,CQO,2.843860745145572,502.9340000000084,0,0,0,0,0,0,0,0,0,0,0
Noise,625,UB,CQO,0.052762925745943656,502.9340000000084,0.06930693069306931,0,0,0,0,0,0,0,0,1,1
Noise,625,UB,CQO,0.015534992823504783,502.9340000000084,0.6831683168316832,0,0,0,0,0,0,0,0,0,0
env1,900,UB,CQO,1.3676226010808195,2585.4919999999984,0,0,0,0,0,0,0,0,0,0,0
env2,900,UB,CQO,1.367620567024458,2585.4919999999984,0,0,0,0,0,0,0,0,0,0,0
Noise,900,UB,CQO,6.80919555598754e-4,2585.4919999999984,0.9900990099009901,0,0,0,0,0,0,0,0,0,0
Noise,900,UB,CQO,0.004526353990538286,2585.4919999999984,0.900990099009901,0,0,0,0,0,0,0,0,0,0
env1,900,UB,CQO,6.1752544769397835,692.7869999999966,0,0,0,0,0,0,0,0,0,0,0
env2,900,UB,CQO,2.8792067647171207,692.7869999999966,0,0,0,0,0,0,0,0,0,0,0
Noise,900,UB,CQO,0.04426152044984037,692.7869999999966,0.12871287128712872,0,0,0,0,0,0,0,0,0,0
Noise,900,UB,CQO,0.009697732284398816,692.7869999999966,0.7821782178217822,0,0,0,0,0,0,0,0,0,0
env1,900,UB,CQO,1.1011085630211919,730.3640000000014,0,0,0,0,0,0,0,0,0,0,0
env2,900,UB,CQO,1.1010850003414996,730.3640000000014,0,0,0,0,0,0,0,0,0,0,0
Noise,900,UB,CQO,0.00843088866787901,730.3640000000014,0.7425742574257426,0,0,0,0,0,0,0,0,0,0
Noise,900,UB,CQO,0.003151216236322078,730.3640000000014,0.9306930693069307,0,0,0,0,0,0,0,0,0,0
env1,900,UB,CQO,6.291031901845543,764.7110000000102,0,0,0,0,0,0,0,0,0,0,0
env2,900,UB,CQO,2.887275312469395,764.7110000000102,0,0,0,0,0,0,0,0,0,0,0
Noise,900,UB,CQO,0.008168817509150765,764.7110000000102,0.8712871287128713,0,0,0,0,0,0,0,0,0,0
Noise,900,UB,CQO,0.03316823010513774,764.7110000000102,0.26732673267326734,0,0,0,0,0,0,0,0,0,0
env1,900,UB,CQO,6.40874347389583,685.5430000000051,0,0,0,0,0,0,0,0,0,0,0
env2,900,UB,CQO,2.587894139080129,685.5430000000051,0,0,0,0,0,0,0,0,0,0,0
Noise,900,UB,CQO,0.04054827711597026,685.5430000000051,0.12871287128712872,0,0,0,0,0,0,0,0,0,0
Noise,900,UB,CQO,0.012847951535462561,685.5430000000051,0.6435643564356436,0,0,0,0,0,0,0,0,0,0
env1,25,LL,CQO,1.3337061950213647,13.280000000000001,0.019801980198019802,1,0,0,0,0,0,0,0,0,0
env2,25,LL,CQO,1.018138192243193,13.280000000000001,0.13861386138613863,1,1,1,1,1,0,0,0,0,0
Noise,25,LL,CQO,0.10400686152472133,13.280000000000001,0.693069306930693,0,0,0,0,0,0,0,0,0,0
Noise,25,LL,CQO,0.35234192438554107,13.280000000000001,0.25742574257425743,0,0,0,0,0,0,0,0,0,0
env1,25,LL,CQO,0.9062862046602755,18.870000000000005,0.09900990099009901,1,1,1,1,0,0,0,0,0,0
env2,25,LL,CQO,1.0273583644585786,18.870000000000005,0.1485148514851485,1,1,1,1,1,0,0,0,0,0
Noise,25,LL,CQO,0.22317998484016702,18.870000000000005,0.45544554455445546,0,0,0,0,0,0,0,0,0,0
Noise,25,LL,CQO,0.22140432927390463,18.870000000000005,0.45544554455445546,0,0,0,0,0,0,0,0,0,0
env1,25,LL,CQO,1.2438263997145191,13.5,0.0594059405940594,1,1,1,0,0,0,0,0,0,0
env2,25,LL,CQO,1.2802547145857082,13.5,0.0891089108910891,1,1,1,1,0,0,0,0,0,0
Noise,25,LL,CQO,0.3207290553284614,13.5,0.3069306930693069,0,0,0,0,0,0,0,0,0,0
Noise,25,LL,CQO,0.18319647780057058,13.5,0.6138613861386139,0,0,0,0,0,0,0,0,0,0
env1,25,LL,CQO,1.3395137665584627,22.959999999999923,0.09900990099009901,1,1,1,1,0,0,0,0,0,0
env2,25,LL,CQO,1.3219377379910866,22.959999999999923,0.04950495049504951,1,1,0,0,0,0,0,0,0,0
Noise,25,LL,CQO,0.23915915592026835,22.959999999999923,0.40594059405940597,0,0,0,0,0,0,0,0,0,0
Noise,25,LL,CQO,0.16821503802388368,22.959999999999923,0.45544554455445546,0,0,0,0,0,0,0,0,0,0
env1,25,LL,CQO,1.114019521044419,13.509999999999991,0.1485148514851485,1,1,1,1,1,0,0,0,0,0
env2,25,LL,CQO,0.9114374137083874,13.509999999999991,0.2871287128712871,1,1,1,1,1,0,0,0,0,0
Noise,25,LL,CQO,0.37096615106040165,13.509999999999991,0.3069306930693069,0,0,0,0,0,0,0,0,0,0
Noise,25,LL,CQO,0.5585521529545857,13.509999999999991,0.04950495049504951,0,0,0,0,0,0,0,1,1,1
env1,100,LL,CQO,0.8622542341871603,177.56999999999994,0.32673267326732675,1,1,1,1,1,0,0,0,0,0
env2,100,LL,CQO,0.9051910781012962,177.56999999999994,0.19801980198019803,1,1,1,1,1,0,0,0,0,0
Noise,100,LL,CQO,0.04098510949483908,177.56999999999994,0.7623762376237624,0,0,0,0,0,0,0,0,0,0
Noise,100,LL,CQO,0.044597712957071795,177.56999999999994,0.7029702970297029,0,0,0,0,0,0,0,0,0,0
env1,100,LL,CQO,0.8748713989747069,32.72000000000003,0.1188118811881188,1,1,1,1,1,0,0,0,0,0
env2,100,LL,CQO,0.8602890798972339,32.72000000000003,0.0594059405940594,1,1,1,0,0,0,0,0,0,0
Noise,100,LL,CQO,0.026735675394334562,32.72000000000003,0.7326732673267327,0,0,0,0,0,0,0,0,0,0
Noise,100,LL,CQO,0.07374054596116593,32.72000000000003,0.40594059405940597,0,0,0,0,0,0,0,0,0,0
env1,100,LL,CQO,0.8389029606386386,95.24000000000001,0.15841584158415842,1,1,1,1,1,0,0,0,0,0
env2,100,LL,CQO,0.8310365816561226,95.24000000000001,0.09900990099009901,1,1,1,1,0,0,0,0,0,0
Noise,100,LL,CQO,0.033180988250403165,95.24000000000001,0.8415841584158416,0,0,0,0,0,0,0,0,0,0
Noise,100,LL,CQO,0.006893725461129773,95.24000000000001,0.9801980198019802,0,0,0,0,0,0,0,0,0,0
env1,100,LL,CQO,1.0338134679686495,95.04999999999995,0.16831683168316833,1,1,1,1,1,0,0,0,0,0
env2,100,LL,CQO,1.0233698151639237,95.04999999999995,0.039603960396039604,1,1,0,0,0,0,0,0,0,0
Noise,100,LL,CQO,0.015259801622418936,95.04999999999995,0.8811881188118812,0,0,0,0,0,0,0,0,0,0
Noise,100,LL,CQO,0.040589663522357086,95.04999999999995,0.7128712871287128,0,0,0,0,0,0,0,0,0,0
env1,100,LL,CQO,0.8043340926021704,23.5,0,0,0,0,0,0,0,0,0,0,0
env2,100,LL,CQO,0.8335099182226441,23.5,0.07920792079207921,1,1,1,1,0,0,0,0,0,0
Noise,100,LL,CQO,0.05598451637267671,23.5,0.45544554455445546,0,0,0,0,0,0,0,0,0,0
Noise,100,LL,CQO,0.045119953200147354,23.5,0.7524752475247525,0,0,0,0,0,0,0,0,0,0
env1,225,LL,CQO,0.9178456013508898,206.18999999999994,0.06930693069306931,1,1,1,0,0,0,0,0,0,0
env2,225,LL,CQO,0.9183340140788304,206.18999999999994,0.07920792079207921,1,1,1,1,0,0,0,0,0,0
Noise,225,LL,CQO,0.028432871193446528,206.18999999999994,0.7128712871287128,0,0,0,0,0,0,0,0,0,0
Noise,225,LL,CQO,0.003593177289590153,206.18999999999994,0.9603960396039604,0,0,0,0,0,0,0,0,0,0
env1,225,LL,CQO,0.865889808643974,322.05999999999995,0.12871287128712872,1,1,1,1,1,0,0,0,0,0
env2,225,LL,CQO,0.8650974380852982,322.05999999999995,0.04950495049504951,1,1,0,0,0,0,0,0,0,0
Noise,225,LL,CQO,0.01893065731407765,322.05999999999995,0.8118811881188119,0,0,0,0,0,0,0,0,0,0
Noise,225,LL,CQO,0.007780504548368509,322.05999999999995,0.9702970297029703,0,0,0,0,0,0,0,0,0,0
env1,225,LL,CQO,1.035563861160856,225.1300000000001,0,0,0,0,0,0,0,0,0,0,0
env2,225,LL,CQO,1.03749083977072,225.1300000000001,0,0,0,0,0,0,0,0,0,0,0
Noise,225,LL,CQO,0.03431207155160586,225.1300000000001,0.7623762376237624,0,0,0,0,0,0,0,0,0,0
Noise,225,LL,CQO,0.008241569424602725,225.1300000000001,0.9603960396039604,0,0,0,0,0,0,0,0,0,0
env1,225,LL,CQO,0.8866220464013403,211.14999999999964,0.19801980198019803,1,1,1,1,1,0,0,0,0,0
env2,225,LL,CQO,0.8798996907398207,211.14999999999964,0.12871287128712872,1,1,1,1,1,0,0,0,0,0
Noise,225,LL,CQO,0.03329877214349357,211.14999999999964,0.7722772277227723,0,0,0,0,0,0,0,0,0,0
Noise,225,LL,CQO,0.031249749252102537,211.14999999999964,0.7326732673267327,0,0,0,0,0,0,0,0,0,0
env1,225,LL,CQO,0.9826282806201364,4280.130000000001,0.0594059405940594,1,1,1,0,0,0,0,0,0,0
env2,225,LL,CQO,0.9808930842375322,4280.130000000001,0.1485148514851485,1,1,1,1,1,0,0,0,0,0
Noise,225,LL,CQO,0.013345645650261983,4280.130000000001,0.9207920792079208,0,0,0,0,0,0,0,0,0,0
Noise,225,LL,CQO,0.03291779850323641,4280.130000000001,0.801980198019802,0,0,0,0,0,0,0,0,0,0
env1,400,LL,CQO,0.9112461138560732,402.4400000000003,0.1188118811881188,1,1,1,1,1,0,0,0,0,0
env2,400,LL,CQO,0.9117535724431569,402.4400000000003,0.33663366336633666,1,1,1,1,1,0,0,0,0,0
Noise,400,LL,CQO,0.0029287787634721604,402.4400000000003,0.9900990099009901,0,0,0,0,0,0,0,0,0,0
Noise,400,LL,CQO,0.010771028700876059,402.4400000000003,0.801980198019802,0,0,0,0,0,0,0,0,0,0
env1,400,LL,CQO,0.8519966953390269,1132.2400000000002,0.0891089108910891,1,1,1,1,0,0,0,0,0,0
env2,400,LL,CQO,0.8537464404518148,1132.2400000000002,0.0297029702970297,1,0,0,0,0,0,0,0,0,0
Noise,400,LL,CQO,0.011522824724093675,1132.2400000000002,0.7623762376237624,0,0,0,0,0,0,0,0,0,0
Noise,400,LL,CQO,0.010629221403043378,1132.2400000000002,0.8712871287128713,0,0,0,0,0,0,0,0,0,0
env1,400,LL,CQO,0.7920701996484731,347.6999999999998,0.37623762376237624,1,1,1,1,1,0,0,0,0,0
env2,400,LL,CQO,0.7904080995130283,347.6999999999998,0.0891089108910891,1,1,1,1,0,0,0,0,0,0
Noise,400,LL,CQO,0.00827974968772818,347.6999999999998,0.8910891089108911,0,0,0,0,0,0,0,0,0,0
Noise,400,LL,CQO,0.014509341499452108,347.6999999999998,0.8217821782178217,0,0,0,0,0,0,0,0,0,0
env1,400,LL,CQO,0.9950126753174938,116.57000000000062,0.04950495049504951,1,1,0,0,0,0,0,0,0,0
env2,400,LL,CQO,0.9986716062655885,116.57000000000062,0.25742574257425743,1,1,1,1,1,0,0,0,0,0
Noise,400,LL,CQO,0.041638052713109455,116.57000000000062,0.4158415841584158,0,0,0,0,0,0,0,0,0,0
Noise,400,LL,CQO,0.01707207586358402,116.57000000000062,0.5841584158415841,0,0,0,0,0,0,0,0,0,0
env1,400,LL,CQO,0.731497342118007,431.10000000000036,0.26732673267326734,1,1,1,1,1,0,0,0,0,0
env2,400,LL,CQO,0.7326736278285736,431.10000000000036,0.6039603960396039,1,1,1,1,1,0,0,0,0,0
Noise,400,LL,CQO,0.01722428073577456,431.10000000000036,0.5247524752475248,0,0,0,0,0,0,0,0,0,0
Noise,400,LL,CQO,0.004824774502309606,431.10000000000036,0.9504950495049505,0,0,0,0,0,0,0,0,0,0
env1,625,LL,CQO,0.7179446746798133,934.380000000001,0.49504950495049505,1,1,1,1,1,0,0,0,0,0
env2,625,LL,CQO,0.7143274806385329,934.380000000001,0.49504950495049505,1,1,1,1,1,0,0,0,0,0
Noise,625,LL,CQO,0.014393659920527456,934.380000000001,0.8712871287128713,0,0,0,0,0,0,0,0,0,0
Noise,625,LL,CQO,0.020680821355473503,934.380000000001,0.7128712871287128,0,0,0,0,0,0,0,0,0,0
env1,625,LL,CQO,0.9663979747719047,750.9999999999964,0.40594059405940597,1,1,1,1,1,0,0,0,0,0
env2,625,LL,CQO,0.9622502980342781,750.9999999999964,0.2376237623762376,1,1,1,1,1,0,0,0,0,0
Noise,625,LL,CQO,0.018470576893315785,750.9999999999964,0.594059405940594,0,0,0,0,0,0,0,0,0,0
Noise,625,LL,CQO,0.017639304792599203,750.9999999999964,0.6336633663366337,0,0,0,0,0,0,0,0,0,0
env1,625,LL,CQO,0.87745390930264,1005.6699999999983,0.3564356435643564,1,1,1,1,1,0,0,0,0,0
env2,625,LL,CQO,0.8794371007253571,1005.6699999999983,0.2376237623762376,1,1,1,1,1,0,0,0,0,0
Noise,625,LL,CQO,0.005956367303829625,1005.6699999999983,0.9306930693069307,0,0,0,0,0,0,0,0,0,0
Noise,625,LL,CQO,0.011787296019429827,1005.6699999999983,0.7920792079207921,0,0,0,0,0,0,0,0,0,0
env1,625,LL,CQO,0.9935103606454536,770.8300000000017,0.009900990099009901,0,0,0,0,0,0,0,0,0,0
env2,625,LL,CQO,0.9930606706562726,770.8300000000017,0.009900990099009901,0,0,0,0,0,0,0,0,0,0
Noise,625,LL,CQO,0.01715237489121852,770.8300000000017,0.7920792079207921,0,0,0,0,0,0,0,0,0,0
Noise,625,LL,CQO,0.007736952124145545,770.8300000000017,0.8613861386138614,0,0,0,0,0,0,0,0,0,0
env1,625,LL,CQO,0.9928491717940364,1591.939999999995,0.13861386138613863,1,1,1,1,1,0,0,0,0,0
env2,625,LL,CQO,0.9914945479430989,1591.939999999995,0.0594059405940594,1,1,1,0,0,0,0,0,0,0
Noise,625,LL,CQO,0.003879041158378481,1591.939999999995,0.9504950495049505,0,0,0,0,0,0,0,0,0,0
Noise,625,LL,CQO,0.02000145535169067,1591.939999999995,0.6534653465346535,0,0,0,0,0,0,0,0,0,0
env1,900,LL,CQO,0.7347990729838827,1594.5,0.3069306930693069,1,1,1,1,1,0,0,0,0,0
env2,900,LL,CQO,0.7364359464868949,1594.5,0.019801980198019802,1,0,0,0,0,0,0,0,0,0
Noise,900,LL,CQO,0.0223409830802076,1594.5,0.693069306930693,0,0,0,0,0,0,0,0,0,0
Noise,900,LL,CQO,0.005302807251648111,1594.5,0.9504950495049505,0,0,0,0,0,0,0,0,0,0
env1,900,LL,CQO,0.7789085047453206,986.4100000000035,0.31683168316831684,1,1,1,1,1,0,0,0,0,0
env2,900,LL,CQO,0.7799616257519144,986.4100000000035,0.09900990099009901,1,1,1,1,0,0,0,0,0,0
Noise,900,LL,CQO,0.011310299643484893,986.4100000000035,0.7920792079207921,0,0,0,0,0,0,0,0,0,0
Noise,900,LL,CQO,0.003009773013636651,986.4100000000035,0.9801980198019802,0,0,0,0,0,0,0,0,0,0
env1,900,LL,CQO,0.70096159680672665,1218.3700000000026,0.39603960396039606,1,1,1,1,1,0,0,0,0,0
env2,900,LL,CQO,0.7021937541812121,1218.3700000000026,0.25742574257425743,1,1,1,1,1,0,0,0,0,0
Noise,900,LL,CQO,0.016132356406084958,1218.3700000000026,0.7029702970297029,0,0,0,0,0,0,0,0,0,0
Noise,900,LL,CQO,0.009236618397878444,1218.3700000000026,0.8712871287128713,0,0,0,0,0,0,0,0,0,0
env1,900,LL,CQO,0.8040257953075163,756.4599999999919,0.32673267326732675,1,1,1,1,1,0,0,0,0,0
env2,900,LL,CQO,0.8045996078376707,756.4599999999919,0.39603960396039606,1,1,1,1,1,0,0,0,0,0
Noise,900,LL,CQO,0.02047981278100846,756.4599999999919,0.6633663366336634,0,0,0,0,0,0,0,0,0,0
Noise,900,LL,CQO,0.006383439069624592,756.4599999999919,0.8910891089108911,0,0,0,0,0,0,0,0,0,0
env1,900,LL,CQO,0.9238775339932818,847.7599999999948,0.12871287128712872,1,1,1,1,1,0,0,0,0,0
env2,900,LL,CQO,0.9239278183635521,847.7599999999948,0.16831683168316833,1,1,1,1,1,0,0,0,0,0
Noise,900,LL,CQO,0.006322651094336075,847.7599999999948,0.9108910891089109,0,0,0,0,0,0,0,0,0,0
Noise,900,LL,CQO,0.008782834922865548,847.7599999999948,0.9207920792079208,0,0,0,0,0,0,0,0,0,0
env1,25,LB,CQO,5.050415541540906,22.37399999999616,0,0,0,0,0,0,0,0,0,0,0
env2,25,LB,CQO,0.8199084858110484,22.37399999999616,0.22772277227722773,1,1,1,1,1,0,0,0,0,0
Noise,25,LB,CQO,0.01722823852996661,22.37399999999616,0.9405940594059405,0,0,0,0,0,0,0,0,0,0
Noise,25,LB,CQO,0.08351491130100054,22.37399999999616,0.46534653465346537,0,0,0,0,0,0,0,0,0,0
env1,25,LB,CQO,4.999438801813951,80.25200000000041,0,0,0,0,0,0,0,0,0,0,0
env2,25,LB,CQO,1.1154340657022606,80.25200000000041,0.37623762376237624,1,1,1,1,1,0,0,0,0,0
Noise,25,LB,CQO,0.07546437830796376,80.25200000000041,0.6534653465346535,0,0,0,0,0,0,0,0,0,0
Noise,25,LB,CQO,0.07424921019537598,80.25200000000041,0.5445544554455446,0,0,0,0,0,0,0,0,0,0
env1,25,LB,CQO,1.059464360012149,22.99600000000646,0.1782178217821782,1,1,1,1,1,0,0,0,0,0
env2,25,LB,CQO,1.053042241185536,22.99600000000646,0.33663366336633666,1,1,1,1,1,0,0,0,0,0
Noise,25,LB,CQO,0.06779806117745134,22.99600000000646,0.6138613861386139,0,0,0,0,0,0,0,0,0,0
Noise,25,LB,CQO,0.09471144714293421,22.99600000000646,0.5346534653465347,0,0,0,0,0,0,0,0,0,0
env1,25,LB,CQO,1.0581307336645942,28.993999999998778,0.38613861386138615,1,1,1,1,1,0,0,0,0,0
env2,25,LB,CQO,1.0534658519706404,28.993999999998778,0.32673267326732675,1,1,1,1,1,0,0,0,0,0
Noise,25,LB,CQO,0.0345570066916151,28.993999999998778,0.8514851485148515,0,0,0,0,0,0,0,0,0,0
Noise,25,LB,CQO,0.09352902873443318,28.993999999998778,0.504950495049505,0,0,0,0,0,0,0,0,0,0
env1,25,LB,CQO,1.3327377210035605,24.79200000000128,0.13861386138613863,1,1,1,1,1,0,0,0,0,0
env2,25,LB,CQO,1.32153951764166,24.79200000000128,0.0594059405940594,1,1,1,0,0,0,0,0,0,0
Noise,25,LB,CQO,0.15475559297999925,24.79200000000128,0.49504950495049505,0,0,0,0,0,0,0,0,0,0
Noise,25,LB,CQO,0.07603985842872771,24.79200000000128,0.5841584158415841,0,0,0,0,0,0,0,0,0,0
env1,100,LB,CQO,1.1170526996034964,89.41599999999744,0.0297029702970297,1,0,0,0,0,0,0,0,0,0
env2,100,LB,CQO,1.115957832603897,89.41599999999744,0.09900990099009901,1,1,1,1,0,0,0,0,0,0
Noise,100,LB,CQO,0.02294686268326368,89.41599999999744,0.5247524752475248,0,0,0,0,0,0,0,0,0,0
Noise,100,LB,CQO,0.04381154194896451,89.41599999999744,0.22772277227722773,0,0,0,0,0,0,0,0,0,0
env1,100,LB,CQO,1.066171650297002,81.70300000000134,0.13861386138613863,1,1,1,1,1,0,0,0,0,0
env2,100,LB,CQO,1.0660408830139168,81.70300000000134,0.24752475247524752,1,1,1,1,1,0,0,0,0,0
Noise,100,LB,CQO,0.015910032487160202,81.70300000000134,0.5742574257425742,0,0,0,0,0,0,0,0,0,0
Noise,100,LB,CQO,0.005665689915259334,81.70300000000134,0.900990099009901,0,0,0,0,0,0,0,0,0,0
env1,100,LB,CQO,1.3559574608788392,80.64500000000407,0,0,0,0,0,0,0,0,0,0,0
env2,100,LB,CQO,1.3553743058948748,80.64500000000407,0.039603960396039604,1,1,0,0,0,0,0,0,0,0
Noise,100,LB,CQO,0.0010595143097233827,80.64500000000407,0.9900990099009901,0,0,0,0,0,0,0,0,0,0
Noise,100,LB,CQO,0.039782666618344946,80.64500000000407,0.33663366336633666,0,0,0,0,0,0,0,0,0,0
env1,100,LB,CQO,1.3444339757401278,63.16800000000512,0,0,0,0,0,0,0,0,0,0,0
env2,100,LB,CQO,1.34429650531562,63.16800000000512,0.07920792079207921,1,1,1,1,0,0,0,0,0,0
Noise,100,LB,CQO,0.012674675338733881,63.16800000000512,0.7425742574257426,0,0,0,0,0,0,0,0,0,0
Noise,100,LB,CQO,0.01447277022809916,63.16800000000512,0.7029702970297029,0,0,0,0,0,0,0,0,0,0
env1,100,LB,CQO,1.355362519176364,54.76400000000285,0.019801980198019802,1,0,0,0,0,0,0,0,0,0
env2,100,LB,CQO,1.354788366673782,54.76400000000285,0.019801980198019802,1,0,0,0,0,0,0,0,0,0
Noise,100,LB,CQO,0.03911105536296487,54.76400000000285,0.26732673267326734,0,0,0,0,0,0,0,0,0,0
Noise,100,LB,CQO,0.005401423904087845,54.76400000000285,0.9207920792079208,0,0,0,0,0,0,0,0,0,0
env1,225,LB,CQO,1.3667141055116492,110.01499999999942,0,0,0,0,0,0,0,0,0,0,0
env2,225,LB,CQO,1.3662598977223206,110.01499999999942,0,0,0,0,0,0,0,0,0,0,0
Noise,225,LB,CQO,0.003639958751856443,110.01499999999942,0.8613861386138614,0,0,0,0,0,0,0,0,0,0
Noise,225,LB,CQO,0.03505750910258578,110.01499999999942,0.2079207920792079,0,0,0,0,0,0,0,0,0,0
env1,225,LB,CQO,1.3923751199609495,107.39199999999983,0,0,0,0,0,0,0,0,0,0,0
env2,225,LB,CQO,1.3919408317031527,107.39199999999983,0,0,0,0,0,0,0,0,0,0,0
Noise,225,LB,CQO,0.03289994305153651,107.39199999999983,0.25742574257425743,0,0,0,0,0,0,0,0,0,0
Noise,225,LB,CQO,0.011270718119178211,107.39199999999983,0.5841584158415841,0,0,0,0,0,0,0,0,0,0
env1,225,LB,CQO,1.2752851932150255,98.43299999999726,0.0297029702970297,1,0,0,0,0,0,0,0,0,0
env2,225,LB,CQO,1.275165091868936,98.43299999999726,0.0594059405940594,1,1,1,0,0,0,0,0,0,0
Noise,225,LB,CQO,0.015386651425251658,98.43299999999726,0.44554455445544555,0,0,0,0,0,0,0,0,0,0
Noise,225,LB,CQO,0.008383110297878716,98.43299999999726,0.7821782178217822,0,0,0,0,0,0,0,0,0,0
env1,225,LB,CQO,3.9488041971339567,136.38200000000506,0,0,0,0,0,0,0,0,0,0,0
env2,225,LB,CQO,0.82914936269557,136.38200000000506,0.25742574257425743,1,1,1,1,1,0,0,0,0,0
Noise,225,LB,CQO,0.018227376235500525,136.38200000000506,0.39603960396039606,0,0,0,0,0,0,0,0,0,0
Noise,225,LB,CQO,0.0023150991165309747,136.38200000000506,0.8712871287128713,0,0,0,0,0,0,0,0,0,0
env1,225,LB,CQO,1.3700357256683247,393.0780000000086,0,0,0,0,0,0,0,0,0,0,0
env2,225,LB,CQO,1.3699305662992627,393.0780000000086,0.019801980198019802,1,0,0,0,0,0,0,0,0,0
Noise,225,LB,CQO,8.32321709403966e-4,393.0780000000086,0.9801980198019802,0,0,0,0,0,0,0,0,0,0
Noise,225,LB,CQO,0.016962807546411305,393.0780000000086,0.504950495049505,0,0,0,0,0,0,0,0,0,0
env1,400,LB,CQO,3.9015955298281932,283.0320000000065,0,0,0,0,0,0,0,0,0,0,0
env2,400,LB,CQO,0.8061442578463673,283.0320000000065,0.25742574257425743,1,1,1,1,1,0,0,0,0,0
Noise,400,LB,CQO,0.003924630047414054,283.0320000000065,0.801980198019802,0,0,0,0,0,0,0,0,0,0
Noise,400,LB,CQO,0.005053029129705263,283.0320000000065,0.7425742574257426,0,0,0,0,0,0,0,0,0,0
env1,400,LB,CQO,1.2775640043524363,160.05100000000675,0.009900990099009901,0,0,0,0,0,0,0,0,0,0
env2,400,LB,CQO,1.277343296974737,160.05100000000675,0.019801980198019802,1,0,0,0,0,0,0,0,0,0
Noise,400,LB,CQO,0.007892567512710445,160.05100000000675,0.5445544554455446,0,0,0,0,0,0,0,0,0,0
Noise,400,LB,CQO,0.02239911794468572,160.05100000000675,0.26732673267326734,0,0,0,0,0,0,0,0,0,0
env1,400,LB,CQO,3.9036842034614665,375.0049999999901,0,0,0,0,0,0,0,0,0,0,0
env2,400,LB,CQO,0.7975190927310233,375.0049999999901,0.5544554455445545,1,1,1,1,1,0,0,0,0,0
Noise,400,LB,CQO,0.004168125062485918,375.0049999999901,0.693069306930693,0,0,0,0,0,0,0,0,0,0
Noise,400,LB,CQO,0.007255421878798218,375.0049999999901,0.5544554455445545,0,0,0,0,0,0,0,0,0,0
env1,400,LB,CQO,1.3498156749830235,412.4509999999864,0.019801980198019802,1,0,0,0,0,0,0,0,0,0
env2,400,LB,CQO,1.3495371559853881,412.4509999999864,0,0,0,0,0,0,0,0,0,0,0
Noise,400,LB,CQO,0.02521008730044421,412.4509999999864,0.1782178217821782,0,0,0,0,0,0,0,0,0,0
Noise,400,LB,CQO,0.010794106514010894,412.4509999999864,0.4158415841584158,0,0,0,0,0,0,0,0,0,0
env1,400,LB,CQO,1.369425404842962,240.5679999999993,0,0,0,0,0,0,0,0,0,0,0
env2,400,LB,CQO,1.3694128467735038,240.5679999999993,0.039603960396039604,1,1,0,0,0,0,0,0,0,0
Noise,400,LB,CQO,0.002306616255157714,240.5679999999993,0.9207920792079208,0,0,0,0,0,0,0,0,0,0
Noise,400,LB,CQO,0.005397673475409498,240.5679999999993,0.7425742574257426,0,0,0,0,0,0,0,0,0,0
env1,625,LB,CQO,1.1340588107590184,503.19499999999243,0.12871287128712872,1,1,1,1,1,0,0,0,0,0
env2,625,LB,CQO,1.1339566269099195,503.19499999999243,0.09900990099009901,1,1,1,1,0,0,0,0,0,0
Noise,625,LB,CQO,0.0067677486558983466,503.19499999999243,0.5247524752475248,0,0,0,0,0,0,0,0,0,0
Noise,625,LB,CQO,0.013637495108647651,503.19499999999243,0.27722772277227725,0,0,0,0,0,0,0,0,0,0
env1,625,LB,CQO,3.848815849569035,455.98799999999756,0,0,0,0,0,0,0,0,0,0,0
env2,625,LB,CQO,0.8100644698231396,455.98799999999756,0.297029702970297,1,1,1,1,1,0,0,0,0,0
Noise,625,LB,CQO,0.0017841392047679028,455.98799999999756,0.9207920792079208,0,0,0,0,0,0,0,0,0,0
Noise,625,LB,CQO,0.007960428842587006,455.98799999999756,0.40594059405940597,0,0,0,0,0,0,0,0,0,0
env1,625,LB,CQO,1.0640075836398375,678.4550000000017,0.0891089108910891,1,1,1,1,0,0,0,0,0,0
env2,625,LB,CQO,1.063911228852812,678.4550000000017,0.19801980198019803,1,1,1,1,1,0,0,0,0,0
Noise,625,LB,CQO,0.004089703268774985,678.4550000000017,0.7425742574257426,0,0,0,0,0,0,0,0,0,0
Noise,625,LB,CQO,0.013734779139890688,678.4550000000017,0.18811881188118812,0,0,0,0,0,0,0,0,0,0
env1,625,LB,CQO,3.8364680524875725,642.4030000000057,0,0,0,0,0,0,0,0,0,0,0
env2,625,LB,CQO,0.8049258456374851,642.4030000000057,0.42574257425742573,1,1,1,1,1,0,0,0,0,0
Noise,625,LB,CQO,0.01030059520045696,642.4030000000057,0.26732673267326734,0,0,0,0,0,0,0,0,0,0
Noise,625,LB,CQO,0.0027520088379088996,642.4030000000057,0.7524752475247525,0,0,0,0,0,0,0,0,0,0
env1,625,LB,CQO,1.3975223891784367,572.0760000000009,0,0,0,0,0,0,0,0,0,0,0
env2,625,LB,CQO,1.3974598529362239,572.0760000000009,0,0,0,0,0,0,0,0,0,0,0
Noise,625,LB,CQO,0.003047137810580399,572.0760000000009,0.7029702970297029,0,0,0,0,0,0,0,0,0,0
Noise,625,LB,CQO,0.012871911439390085,572.0760000000009,0.25742574257425743,0,0,0,0,0,0,0,0,0,0
env1,900,LB,CQO,1.3939755835273264,499.81600000000003,0,0,0,0,0,0,0,0,0,0,0
env2,900,LB,CQO,1.3939687452519063,499.81600000000003,0,0,0,0,0,0,0,0,0,0,0
Noise,900,LB,CQO,0.0014947156575513662,499.81600000000003,0.8514851485148515,0,0,0,0,0,0,0,0,0,0
Noise,900,LB,CQO,0.0041649343263599915,499.81600000000003,0.7524752475247525,0,0,0,0,0,0,0,0,0,0
env1,900,LB,CQO,1.389728610528913,586.7420000000002,0,0,0,0,0,0,0,0,0,0,0
env2,900,LB,CQO,1.3897087491431832,586.7420000000002,0.019801980198019802,1,0,0,0,0,0,0,0,0,0
Noise,900,LB,CQO,0.004791569510043543,586.7420000000002,0.6237623762376238,0,0,0,0,0,0,0,0,0,0
Noise,900,LB,CQO,0.005694694496091863,586.7420000000002,0.45544554455445546,0,0,0,0,0,0,0,0,0,0
env1,900,LB,CQO,1.1280715426047658,1669.3709999999992,0.039603960396039604,1,1,0,0,0,0,0,0,0,0
env2,900,LB,CQO,1.1279638941983785,1669.3709999999992,0,0,0,0,0,0,0,0,0,0,0
Noise,900,LB,CQO,0.011689015942033008,1669.3709999999992,0.297029702970297,0,0,0,0,0,0,0,0,0,0
Noise,900,LB,CQO,0.010321131503146539,1669.3709999999992,0.4158415841584158,0,0,0,0,0,0,0,0,0,0
env1,900,LB,CQO,3.7903630726803836,605.8940000000002,0,0,0,0,0,0,0,0,0,0,0
env2,900,LB,CQO,0.7507664388098618,605.8940000000002,0.7227722772277227,1,1,1,1,1,0,0,0,0,0
Noise,900,LB,CQO,0.008779583525029784,605.8940000000002,0.36633663366336633,0,0,0,0,0,0,0,0,0,0
Noise,900,LB,CQO,0.0016101543547394344,605.8940000000002,0.8415841584158416,0,0,0,0,0,0,0,0,0,0
env1,900,LB,CQO,1.1035415682282195,1801.9279999999999,0.0594059405940594,1,1,1,0,0,0,0,0,0,0
env2,900,LB,CQO,1.103464334267192,1801.9279999999999,0.07920792079207921,1,1,1,1,0,0,0,0,0,0
Noise,900,LB,CQO,0.004478911312791632,1801.9279999999999,0.7029702970297029,0,0,0,0,0,0,0,0,0,0
Noise,900,LB,CQO,0.012268159356558405,1801.9279999999999,0.3069306930693069,0,0,0,0,0,0,0,0,0,0
env1,25,BB,CQO,5.275602023677526,18.093999999997322,0,0,0,0,0,0,0,0,0,0,0
env2,25,BB,CQO,5.276534461975733,18.093999999997322,0,0,0,0,0,0,0,0,0,0,0
Noise,25,BB,CQO,0.005178397721717933,18.093999999997322,0.801980198019802,0,0,0,0,0,0,0,0,0,0
Noise,25,BB,CQO,0.007412903946339625,18.093999999997322,0.693069306930693,0,0,0,0,0,0,0,0,0,0
env1,25,BB,CQO,4.3971714404812605,20.429999999993015,0,0,0,0,0,0,0,0,0,0,0
env2,25,BB,CQO,4.4009934778258435,20.429999999993015,0,0,0,0,0,0,0,0,0,0,0
Noise,25,BB,CQO,0.011838483839097134,20.429999999993015,0.5148514851485149,0,0,0,0,0,0,0,0,0,0
Noise,25,BB,CQO,0.004316461723190619,20.429999999993015,0.8712871287128713,0,0,0,0,0,0,0,0,0,0
env1,25,BB,CQO,4.938661685387555,21.756999999997788,0,0,0,0,0,0,0,0,0,0,0
env2,25,BB,CQO,4.927476145211607,21.756999999997788,0,0,0,0,0,0,0,0,0,0,0
Noise,25,BB,CQO,0.011732678485377967,21.756999999997788,0.6039603960396039,0,0,0,0,0,0,0,0,0,0
Noise,25,BB,CQO,0.021548059503954182,21.756999999997788,0.25742574257425743,0,0,0,0,0,0,0,0,0,0
env1,25,BB,CQO,5.119805285659602,18.719000000011874,0,0,0,0,0,0,0,0,0,0,0
env2,25,BB,CQO,5.114786620439476,18.719000000011874,0,0,0,0,0,0,0,0,0,0,0
Noise,25,BB,CQO,0.005280022602253862,18.719000000011874,0.9207920792079208,0,0,0,0,0,0,0,0,0,0
Noise,25,BB,CQO,0.016620506685350596,18.719000000011874,0.26732673267326734,0,0,0,0,0,0,0,0,0,0
env1,25,BB,CQO,3.8239992460788432,22.362000000008265,0,0,0,0,0,0,0,0,0,0,0
env2,25,BB,CQO,3.8264637872227425,22.362000000008265,0,0,0,0,0,0,0,0,0,0,0
Noise,25,BB,CQO,0.011243370700192757,22.362000000008265,0.5346534653465347,0,0,0,0,0,0,0,0,0,0
Noise,25,BB,CQO,0.00950650043242439,22.362000000008265,0.44554455445544555,0,0,0,0,0,0,0,0,0,0
env1,100,BB,CQO,3.063629812378091,47.88400000000547,0,0,0,0,0,0,0,0,0,0,0
env2,100,BB,CQO,3.086134973048707,47.88400000000547,0,0,0,0,0,0,0,0,0,0,0
Noise,100,BB,CQO,0.10421733026888988,47.88400000000547,0.22772277227722773,0,0,0,0,0,0,0,0,0,0
Noise,100,BB,CQO,0.0860842841640383,47.88400000000547,0.31683168316831684,0,0,0,0,0,0,0,0,0,0
env1,100,BB,CQO,3.4987569027946552,48.92500000000291,0,0,0,0,0,0,0,0,0,0,0
env2,100,BB,CQO,3.470610486169756,48.92500000000291,0,0,0,0,0,0,0,0,0,0,0
Noise,100,BB,CQO,0.13100121346264926,48.92500000000291,0.2079207920792079,0,0,0,0,0,0,0,0,0,0
Noise,100,BB,CQO,0.02385878718426724,48.92500000000291,0.9504950495049505,0,0,0,0,0,0,0,0,0,0
env1,100,BB,CQO,3.482310752277566,47.40200000000186,0,0,0,0,0,0,0,0,0,0,0
env2,100,BB,CQO,3.458836062587425,47.40200000000186,0,0,0,0,0,0,0,0,0,0,0
Noise,100,BB,CQO,0.13789142677291516,47.40200000000186,0.13861386138613863,0,0,0,0,0,0,0,0,0,0
Noise,100,BB,CQO,0.08007097358862672,47.40200000000186,0.4158415841584158,0,0,0,0,0,0,0,0,0,0
env1,100,BB,CQO,3.5797013191376834,51.06500000000233,0,0,0,0,0,0,0,0,0,0,0
env2,100,BB,CQO,3.5726327617812377,51.06500000000233,0,0,0,0,0,0,0,0,0,0,0
Noise,100,BB,CQO,0.05266925189959749,51.06500000000233,0.7227722772277227,0,0,0,0,0,0,0,0,0,0
Noise,100,BB,CQO,0.12056949652531893,51.06500000000233,0.1485148514851485,0,0,0,0,0,0,0,0,0,0
env1,100,BB,CQO,3.61641031406044,54.85900000001129,0,0,0,0,0,0,0,0,0,0,0
env2,100,BB,CQO,3.6101710610317066,54.85900000001129,0,0,0,0,0,0,0,0,0,0,0
Noise,100,BB,CQO,0.14467028496389367,54.85900000001129,0.1485148514851485,0,0,0,0,0,0,0,0,0,0
Noise,100,BB,CQO,0.09013207181011008,54.85900000001129,0.31683168316831684,0,0,0,0,0,0,0,0,0,0
env1,225,BB,CQO,3.3026569276559465,95.51300000000629,0,0,0,0,0,0,0,0,0,0,0
env2,225,BB,CQO,3.3054615375682497,95.51300000000629,0,0,0,0,0,0,0,0,0,0,0
Noise,225,BB,CQO,0.07659005148726078,95.51300000000629,0.1188118811881188,0,0,0,0,0,0,0,0,0,0
Noise,225,BB,CQO,0.03921681749933886,95.51300000000629,0.48514851485148514,0,0,0,0,0,0,0,0,0,0
env1,225,BB,CQO,3.4765924863991633,79.02499999999418,0,0,0,0,0,0,0,0,0,0,0
env2,225,BB,CQO,3.4773368811000007,79.02499999999418,0,0,0,0,0,0,0,0,0,0,0
Noise,225,BB,CQO,0.04167280957161433,79.02499999999418,0.594059405940594,0,0,0,0,0,0,0,0,0,0
Noise,225,BB,CQO,0.01982379882917468,79.02499999999418,0.8910891089108911,0,0,0,0,0,0,0,0,0,0
env1,225,BB,CQO,3.1785167535763303,76.80199999999604,0,0,0,0,0,0,0,0,0,0,0
env2,225,BB,CQO,3.1559737913821357,76.80199999999604,0,0,0,0,0,0,0,0,0,0,0
Noise,225,BB,CQO,0.09624945885850682,76.80199999999604,0.04950495049504951,0,0,0,0,0,0,0,1,1,1
Noise,225,BB,CQO,0.019939726843979363,76.80199999999604,0.8712871287128713,0,0,0,0,0,0,0,0,0,0
env1,225,BB,CQO,3.4422297639915556,78.17699999999604,0,0,0,0,0,0,0,0,0,0,0
env2,225,BB,CQO,3.443472965850514,78.17699999999604,0,0,0,0,0,0,0,0,0,0,0
Noise,225,BB,CQO,0.017626610298970564,78.17699999999604,0.8910891089108911,0,0,0,0,0,0,0,0,0,0
Noise,225,BB,CQO,0.02390882892120354,78.17699999999604,0.7326732673267327,0,0,0,0,0,0,0,0,0,0
env1,225,BB,CQO,3.3453206878748896,83.8859999999986,0,0,0,0,0,0,0,0,0,0,0
env2,225,BB,CQO,3.342438365731323,83.8859999999986,0,0,0,0,0,0,0,0,0,0,0
Noise,225,BB,CQO,0.043090608236649716,83.8859999999986,0.5544554455445545,0,0,0,0,0,0,0,0,0,0
Noise,225,BB,CQO,0.04236469359062471,83.8859999999986,0.5445544554455446,0,0,0,0,0,0,0,0,0,0
env1,400,BB,CQO,3.2488180891970875,710.1990000000078,0,0,0,0,0,0,0,0,0,0,0
env2,400,BB,CQO,3.2497050602934268,710.1990000000078,0,0,0,0,0,0,0,0,0,0,0
Noise,400,BB,CQO,0.03311090041964089,710.1990000000078,0.43564356435643564,0,0,0,0,0,0,0,0,0,0
Noise,400,BB,CQO,0.013838019799468144,710.1990000000078,0.900990099009901,0,0,0,0,0,0,0,0,0,0
env1,400,BB,CQO,3.2880784261349003,195.76900000000023,0,0,0,0,0,0,0,0,0,0,0
env2,400,BB,CQO,3.2902221340845306,195.76900000000023,0,0,0,0,0,0,0,0,0,0,0
Noise,400,BB,CQO,0.01629644655434691,195.76900000000023,0.8712871287128713,0,0,0,0,0,0,0,0,0,0
Noise,400,BB,CQO,0.019869520032353427,195.76900000000023,0.7128712871287128,0,0,0,0,0,0,0,0,0,0
env1,400,BB,CQO,2.8659961026132064,188.3119999999908,0,0,0,0,0,0,0,0,0,0,0
env2,400,BB,CQO,2.865524045507586,188.3119999999908,0,0,0,0,0,0,0,0,0,0,0
Noise,400,BB,CQO,0.04446838015288516,188.3119999999908,0.25742574257425743,0,0,0,0,0,0,0,0,0,0
Noise,400,BB,CQO,0.008699520406990405,188.3119999999908,0.9405940594059405,0,0,0,0,0,0,0,0,0,0
env1,400,BB,CQO,3.345155986341219,208.75599999999395,0,0,0,0,0,0,0,0,0,0,0
env2,400,BB,CQO,3.33849387047274,208.75599999999395,0,0,0,0,0,0,0,0,0,0,0
Noise,400,BB,CQO,0.02467881541814659,208.75599999999395,0.6039603960396039,0,0,0,0,0,0,0,0,0,0
Noise,400,BB,CQO,0.06546458555175838,208.75599999999395,0.0297029702970297,0,0,0,0,0,0,1,1,1,1
env1,400,BB,CQO,3.206084774725307,879.7279999999882,0,0,0,0,0,0,0,0,0,0,0
env2,400,BB,CQO,3.2039531291122905,879.7279999999882,0,0,0,0,0,0,0,0,0,0,0
Noise,400,BB,CQO,0.026869521655383907,879.7279999999882,0.6138613861386139,0,0,0,0,0,0,0,0,0,0
Noise,400,BB,CQO,0.0025391112434042288,879.7279999999882,0.9900990099009901,0,0,0,0,0,0,0,0,0,0
env1,625,BB,CQO,3.422429410478035,238.96500000001106,0,0,0,0,0,0,0,0,0,0,0
env2,625,BB,CQO,3.4228099877071125,238.96500000001106,0,0,0,0,0,0,0,0,0,0,0
Noise,625,BB,CQO,0.034963278529706446,238.96500000001106,0.24752475247524752,0,0,0,0,0,0,0,0,0,0
Noise,625,BB,CQO,0.013488385953384089,238.96500000001106,0.7524752475247525,0,0,0,0,0,0,0,0,0,0
env1,625,BB,CQO,3.356880615480935,239.66399999998976,0,0,0,0,0,0,0,0,0,0,0
env2,625,BB,CQO,3.3525398304320557,239.66399999998976,0,0,0,0,0,0,0,0,0,0,0
Noise,625,BB,CQO,0.023065433111830725,239.66399999998976,0.5841584158415841,0,0,0,0,0,0,0,0,0,0
Noise,625,BB,CQO,0.04317709061347677,239.66399999998976,0.10891089108910891,0,0,0,0,0,0,0,0,0,0
env1,625,BB,CQO,3.354356961450148,1047.225999999995,0,0,0,0,0,0,0,0,0,0,0
env2,625,BB,CQO,3.350903168370292,1047.225999999995,0,0,0,0,0,0,0,0,0,0,0
Noise,625,BB,CQO,0.04657445970652559,1047.225999999995,0.1188118811881188,0,0,0,0,0,0,0,0,0,0
Noise,625,BB,CQO,0.017008271987841904,1047.225999999995,0.6732673267326733,0,0,0,0,0,0,0,0,0,0
env1,625,BB,CQO,3.2515829586511833,245.97899999999208,0,0,0,0,0,0,0,0,0,0,0
env2,625,BB,CQO,3.254045857769496,245.97899999999208,0,0,0,0,0,0,0,0,0,0,0
Noise,625,BB,CQO,0.020879332410750174,245.97899999999208,0.594059405940594,0,0,0,0,0,0,0,0,0,0
Noise,625,BB,CQO,0.055291030087628645,245.97899999999208,0.0594059405940594,0,0,0,0,0,0,0,0,1,1
env1,625,BB,CQO,3.2771563780695923,251.4429999999993,0,0,0,0,0,0,0,0,0,0,0
env2,625,BB,CQO,3.2789192847847257,251.4429999999993,0,0,0,0,0,0,0,0,0,0,0
Noise,625,BB,CQO,0.016987035330410596,251.4429999999993,0.7029702970297029,0,0,0,0,0,0,0,0,0,0
Noise,625,BB,CQO,0.028364148907551255,251.4429999999993,0.36633663366336633,0,0,0,0,0,0,0,0,0,0
env1,900,BB,CQO,3.3909473074964422,565.5039999999999,0,0,0,0,0,0,0,0,0,0,0
env2,900,BB,CQO,3.3913546984318943,565.5039999999999,0,0,0,0,0,0,0,0,0,0,0
Noise,900,BB,CQO,0.04548375661344526,565.5039999999999,0.019801980198019802,0,0,0,0,0,0,1,1,1,1
Noise,900,BB,CQO,0.0464034253870472,565.5039999999999,0.0297029702970297,0,0,0,0,0,0,1,1,1,1
env1,900,BB,CQO,3.3920633682442975,556.5109999999986,0,0,0,0,0,0,0,0,0,0,0
env2,900,BB,CQO,3.3920266210996033,556.5109999999986,0,0,0,0,0,0,0,0,0,0,0
Noise,900,BB,CQO,0.007463105949923504,556.5109999999986,0.9207920792079208,0,0,0,0,0,0,0,0,0,0
Noise,900,BB,CQO,0.02527495017253659,556.5109999999986,0.31683168316831684,0,0,0,0,0,0,0,0,0,0
env1,900,BB,CQO,3.2968890633559154,464.4470000000001,0,0,0,0,0,0,0,0,0,0,0
env2,900,BB,CQO,3.296405025332554,464.4470000000001,0,0,0,0,0,0,0,0,0,0,0
Noise,900,BB,CQO,0.015305576160107798,464.4470000000001,0.7227722772277227,0,0,0,0,0,0,0,0,0,0
Noise,900,BB,CQO,0.005911908219620038,464.4470000000001,0.9504950495049505,0,0,0,0,0,0,0,0,0,0
env1,900,BB,CQO,3.0439687423837234,550.4029999999984,0,0,0,0,0,0,0,0,0,0,0
env2,900,BB,CQO,3.048745358692231,550.4029999999984,0,0,0,0,0,0,0,0,0,0,0
Noise,900,BB,CQO,0.029804092672179212,550.4029999999984,0.297029702970297,0,0,0,0,0,0,0,0,0,0
Noise,900,BB,CQO,0.00984795067115594,550.4029999999984,0.8613861386138614,0,0,0,0,0,0,0,0,0,0
env1,900,BB,CQO,3.2888273970683715,526.1910000000062,0,0,0,0,0,0,0,0,0,0,0
env2,900,BB,CQO,3.2877028236488464,526.1910000000062,0,0,0,0,0,0,0,0,0,0,0
Noise,900,BB,CQO,0.014573410138642079,526.1910000000062,0.7029702970297029,0,0,0,0,0,0,0,0,0,0
Noise,900,BB,CQO,0.017185462830685207,526.1910000000062,0.6039603960396039,0,0,0,0,0,0,0,0,0,0
