variable,test statistic,p.value,response,samples,runtime,method,false.negative.01,false.negative.03,false.negative.05,false.negative.07,false.negative.1,false.positive.01,false.positive.03,false.positive.05,false.positive.07,false.positive.1
env1,44.59042111850026,0.002997002997002997,UU,25,238.29399999999998,mvglm,0,0,0,0,0,0,0,0,0,0
env2,41.39694708288627,0.016983016983016984,UU,25,238.29399999999998,mvglm,1,0,0,0,0,0,0,0,0,0
Noise,16.288080984897775,0.22777222777222778,UU,25,238.29399999999998,mvglm,0,0,0,0,0,0,0,0,0,0
Noise,12.511420296744106,0.6843156843156843,UU,25,238.29399999999998,mvglm,0,0,0,0,0,0,0,0,0,0
env1,44.59042111850026,9.99000999000999e-4,UU,25,238.50699999999998,mvglm,0,0,0,0,0,0,0,0,0,0
env2,41.39694708288627,0.00999000999000999,UU,25,238.50699999999998,mvglm,0,0,0,0,0,0,0,0,0,0
Noise,14.463670282590797,0.35264735264735264,UU,25,238.50699999999998,mvglm,0,0,0,0,0,0,0,0,0,0
Noise,29.84881294112948,0.4245754245754246,UU,25,238.50699999999998,mvglm,0,0,0,0,0,0,0,0,0,0
env1,44.59042111850026,0.002997002997002997,UU,25,246.543,mvglm,0,0,0,0,0,0,0,0,0,0
env2,41.39694708288627,0.022977022977022976,UU,25,246.543,mvglm,1,0,0,0,0,0,0,0,0,0
Noise,21.31144678387345,0.13386613386613386,UU,25,246.543,mvglm,0,0,0,0,0,0,0,0,0,0
Noise,195.91057258674243,0.25574425574425574,UU,25,246.543,mvglm,0,0,0,0,0,0,0,0,0,0
env1,44.59042111850026,9.99000999000999e-4,UU,25,229.54000000000008,mvglm,0,0,0,0,0,0,0,0,0,0
env2,41.39694708288627,0.016983016983016984,UU,25,229.54000000000008,mvglm,1,0,0,0,0,0,0,0,0,0
Noise,33.893361951121165,0.08291708291708291,UU,25,229.54000000000008,mvglm,0,0,0,0,0,0,0,0,0,1
Noise,19.761349678913234,0.5674325674325674,UU,25,229.54000000000008,mvglm,0,0,0,0,0,0,0,0,0,0
env1,44.59042111850026,0.003996003996003996,UU,25,263.9469999999999,mvglm,0,0,0,0,0,0,0,0,0,0
env2,41.39694708288627,0.012987012987012988,UU,25,263.9469999999999,mvglm,1,0,0,0,0,0,0,0,0,0
Noise,38.04736866750477,0.05994005994005994,UU,25,263.9469999999999,mvglm,0,0,0,0,0,0,0,0,1,1
Noise,22.04856544829987,0.6303696303696303,UU,25,263.9469999999999,mvglm,0,0,0,0,0,0,0,0,0,0
env1,200.74306849205294,9.99000999000999e-4,UU,100,1013.3419999999999,mvglm,0,0,0,0,0,0,0,0,0,0
env2,204.20434158782723,9.99000999000999e-4,UU,100,1013.3419999999999,mvglm,0,0,0,0,0,0,0,0,0,0
Noise,11.282787311883851,0.5334665334665335,UU,100,1013.3419999999999,mvglm,0,0,0,0,0,0,0,0,0,0
Noise,16.87996510670854,0.3926073926073926,UU,100,1013.3419999999999,mvglm,0,0,0,0,0,0,0,0,0,0
env1,200.74306849205294,9.99000999000999e-4,UU,100,850.0340000000001,mvglm,0,0,0,0,0,0,0,0,0,0
env2,204.20434158782723,9.99000999000999e-4,UU,100,850.0340000000001,mvglm,0,0,0,0,0,0,0,0,0,0
Noise,10.482886410780168,0.6403596403596403,UU,100,850.0340000000001,mvglm,0,0,0,0,0,0,0,0,0,0
Noise,6.217342642647395,0.8661338661338661,UU,100,850.0340000000001,mvglm,0,0,0,0,0,0,0,0,0,0
env1,200.74306849205294,9.99000999000999e-4,UU,100,860.6439999999998,mvglm,0,0,0,0,0,0,0,0,0,0
env2,204.20434158782723,9.99000999000999e-4,UU,100,860.6439999999998,mvglm,0,0,0,0,0,0,0,0,0,0
Noise,11.390545901244309,0.5514485514485514,UU,100,860.6439999999998,mvglm,0,0,0,0,0,0,0,0,0,0
Noise,16.04993319112674,0.2957042957042957,UU,100,860.6439999999998,mvglm,0,0,0,0,0,0,0,0,0,0
env1,200.74306849205294,9.99000999000999e-4,UU,100,897.4020000000005,mvglm,0,0,0,0,0,0,0,0,0,0
env2,204.20434158782723,9.99000999000999e-4,UU,100,897.4020000000005,mvglm,0,0,0,0,0,0,0,0,0,0
Noise,3.9898360385037677,0.971028971028971,UU,100,897.4020000000005,mvglm,0,0,0,0,0,0,0,0,0,0
Noise,9.116124521697998,0.6723276723276723,UU,100,897.4020000000005,mvglm,0,0,0,0,0,0,0,0,0,0
env1,200.74306849205294,9.99000999000999e-4,UU,100,939.4699999999993,mvglm,0,0,0,0,0,0,0,0,0,0
env2,204.20434158782723,9.99000999000999e-4,UU,100,939.4699999999993,mvglm,0,0,0,0,0,0,0,0,0,0
Noise,18.814650979940666,0.22077922077922077,UU,100,939.4699999999993,mvglm,0,0,0,0,0,0,0,0,0,0
Noise,3.2860520007660057,0.9760239760239761,UU,100,939.4699999999993,mvglm,0,0,0,0,0,0,0,0,0,0
env1,495.3849683019274,9.99000999000999e-4,UU,225,2055.0109999999995,mvglm,0,0,0,0,0,0,0,0,0,0
env2,514.943098078782,9.99000999000999e-4,UU,225,2055.0109999999995,mvglm,0,0,0,0,0,0,0,0,0,0
Noise,13.21610615185125,0.4885114885114885,UU,225,2055.0109999999995,mvglm,0,0,0,0,0,0,0,0,0,0
Noise,20.708626267780005,0.21078921078921078,UU,225,2055.0109999999995,mvglm,0,0,0,0,0,0,0,0,0,0
env1,495.3849683019274,9.99000999000999e-4,UU,225,1878.7289999999994,mvglm,0,0,0,0,0,0,0,0,0,0
env2,514.943098078782,9.99000999000999e-4,UU,225,1878.7289999999994,mvglm,0,0,0,0,0,0,0,0,0,0
Noise,11.131212174926304,0.6073926073926074,UU,225,1878.7289999999994,mvglm,0,0,0,0,0,0,0,0,0,0
Noise,14.633605245685203,0.3996003996003996,UU,225,1878.7289999999994,mvglm,0,0,0,0,0,0,0,0,0,0
env1,495.3849683019274,9.99000999000999e-4,UU,225,1894.161,mvglm,0,0,0,0,0,0,0,0,0,0
env2,514.943098078782,9.99000999000999e-4,UU,225,1894.161,mvglm,0,0,0,0,0,0,0,0,0,0
Noise,7.423875113917688,0.8541458541458542,UU,225,1894.161,mvglm,0,0,0,0,0,0,0,0,0,0
Noise,4.334485854867353,0.948051948051948,UU,225,1894.161,mvglm,0,0,0,0,0,0,0,0,0,0
env1,495.3849683019274,9.99000999000999e-4,UU,225,1886.0820000000003,mvglm,0,0,0,0,0,0,0,0,0,0
env2,514.943098078782,9.99000999000999e-4,UU,225,1886.0820000000003,mvglm,0,0,0,0,0,0,0,0,0,0
Noise,6.031110640341126,0.9250749250749251,UU,225,1886.0820000000003,mvglm,0,0,0,0,0,0,0,0,0,0
Noise,3.701464198568374,0.98001998001998,UU,225,1886.0820000000003,mvglm,0,0,0,0,0,0,0,0,0,0
env1,495.3849683019274,9.99000999000999e-4,UU,225,1838.1619999999984,mvglm,0,0,0,0,0,0,0,0,0,0
env2,514.943098078782,9.99000999000999e-4,UU,225,1838.1619999999984,mvglm,0,0,0,0,0,0,0,0,0,0
Noise,6.607787586667882,0.8861138861138861,UU,225,1838.1619999999984,mvglm,0,0,0,0,0,0,0,0,0,0
Noise,9.7111504763202,0.6723276723276723,UU,225,1838.1619999999984,mvglm,0,0,0,0,0,0,0,0,0,0
env1,905.7016701031382,9.99000999000999e-4,UU,400,3278.655999999999,mvglm,0,0,0,0,0,0,0,0,0,0
env2,945.228560589027,9.99000999000999e-4,UU,400,3278.655999999999,mvglm,0,0,0,0,0,0,0,0,0,0
Noise,5.502212804268538,0.9370629370629371,UU,400,3278.655999999999,mvglm,0,0,0,0,0,0,0,0,0,0
Noise,10.873043740096819,0.6703296703296703,UU,400,3278.655999999999,mvglm,0,0,0,0,0,0,0,0,0,0
env1,905.7016701031382,9.99000999000999e-4,UU,400,3335.3070000000007,mvglm,0,0,0,0,0,0,0,0,0,0
env2,945.228560589027,9.99000999000999e-4,UU,400,3335.3070000000007,mvglm,0,0,0,0,0,0,0,0,0,0
Noise,6.386177086796351,0.8951048951048951,UU,400,3335.3070000000007,mvglm,0,0,0,0,0,0,0,0,0,0
Noise,8.196419520764266,0.7892107892107892,UU,400,3335.3070000000007,mvglm,0,0,0,0,0,0,0,0,0,0
env1,905.7016701031382,9.99000999000999e-4,UU,400,3281.811999999998,mvglm,0,0,0,0,0,0,0,0,0,0
env2,945.228560589027,9.99000999000999e-4,UU,400,3281.811999999998,mvglm,0,0,0,0,0,0,0,0,0,0
Noise,3.4739649615592043,0.98001998001998,UU,400,3281.811999999998,mvglm,0,0,0,0,0,0,0,0,0,0
Noise,9.393258452575083,0.7192807192807192,UU,400,3281.811999999998,mvglm,0,0,0,0,0,0,0,0,0,0
env1,905.7016701031382,9.99000999000999e-4,UU,400,3224.388999999999,mvglm,0,0,0,0,0,0,0,0,0,0
env2,945.228560589027,9.99000999000999e-4,UU,400,3224.388999999999,mvglm,0,0,0,0,0,0,0,0,0,0
Noise,10.82130675068106,0.6563436563436563,UU,400,3224.388999999999,mvglm,0,0,0,0,0,0,0,0,0,0
Noise,3.2153469146098814,0.985014985014985,UU,400,3224.388999999999,mvglm,0,0,0,0,0,0,0,0,0,0
env1,905.7016701031382,9.99000999000999e-4,UU,400,3364.136999999999,mvglm,0,0,0,0,0,0,0,0,0,0
env2,945.228560589027,9.99000999000999e-4,UU,400,3364.136999999999,mvglm,0,0,0,0,0,0,0,0,0,0
Noise,4.783462550509057,0.949050949050949,UU,400,3364.136999999999,mvglm,0,0,0,0,0,0,0,0,0,0
Noise,6.361492092663866,0.9110889110889111,UU,400,3364.136999999999,mvglm,0,0,0,0,0,0,0,0,0,0
env1,1419.3670492894348,9.99000999000999e-4,UU,625,5253.459000000003,mvglm,0,0,0,0,0,0,0,0,0,0
env2,1486.1504422020462,9.99000999000999e-4,UU,625,5253.459000000003,mvglm,0,0,0,0,0,0,0,0,0,0
Noise,5.677417491687265,0.9240759240759241,UU,625,5253.459000000003,mvglm,0,0,0,0,0,0,0,0,0,0
Noise,6.015278375560683,0.9100899100899101,UU,625,5253.459000000003,mvglm,0,0,0,0,0,0,0,0,0,0
env1,1419.3670492894348,9.99000999000999e-4,UU,625,5337.064000000006,mvglm,0,0,0,0,0,0,0,0,0,0
env2,1486.1504422020462,9.99000999000999e-4,UU,625,5337.064000000006,mvglm,0,0,0,0,0,0,0,0,0,0
Noise,6.955084007241567,0.8761238761238761,UU,625,5337.064000000006,mvglm,0,0,0,0,0,0,0,0,0,0
Noise,6.416880989640958,0.8831168831168831,UU,625,5337.064000000006,mvglm,0,0,0,0,0,0,0,0,0,0
env1,1419.3670492894348,9.99000999000999e-4,UU,625,5246.619999999995,mvglm,0,0,0,0,0,0,0,0,0,0
env2,1486.1504422020462,9.99000999000999e-4,UU,625,5246.619999999995,mvglm,0,0,0,0,0,0,0,0,0,0
Noise,13.34268305767182,0.4995004995004995,UU,625,5246.619999999995,mvglm,0,0,0,0,0,0,0,0,0,0
Noise,6.450817339354671,0.9040959040959041,UU,625,5246.619999999995,mvglm,0,0,0,0,0,0,0,0,0,0
env1,1419.3670492894348,9.99000999000999e-4,UU,625,5251.428,mvglm,0,0,0,0,0,0,0,0,0,0
env2,1486.1504422020462,9.99000999000999e-4,UU,625,5251.428,mvglm,0,0,0,0,0,0,0,0,0,0
Noise,4.8368783477894794,0.973026973026973,UU,625,5251.428,mvglm,0,0,0,0,0,0,0,0,0,0
Noise,7.11564575456714,0.8651348651348651,UU,625,5251.428,mvglm,0,0,0,0,0,0,0,0,0,0
env1,1419.3670492894348,9.99000999000999e-4,UU,625,5265.322,mvglm,0,0,0,0,0,0,0,0,0,0
env2,1486.1504422020462,9.99000999000999e-4,UU,625,5265.322,mvglm,0,0,0,0,0,0,0,0,0,0
Noise,5.618161342622898,0.9120879120879121,UU,625,5265.322,mvglm,0,0,0,0,0,0,0,0,0,0
Noise,1.5015900088092167,0.999000999000999,UU,625,5265.322,mvglm,0,0,0,0,0,0,0,0,0,0
env1,2100.7815743832994,9.99000999000999e-4,UU,900,7748.516000000003,mvglm,0,0,0,0,0,0,0,0,0,0
env2,2226.419125395889,9.99000999000999e-4,UU,900,7748.516000000003,mvglm,0,0,0,0,0,0,0,0,0,0
Noise,6.321293045883067,0.8931068931068931,UU,900,7748.516000000003,mvglm,0,0,0,0,0,0,0,0,0,0
Noise,3.4195871886790883,0.9820179820179821,UU,900,7748.516000000003,mvglm,0,0,0,0,0,0,0,0,0,0
env1,2100.7815743832994,9.99000999000999e-4,UU,900,7733.476999999999,mvglm,0,0,0,0,0,0,0,0,0,0
env2,2226.419125395889,9.99000999000999e-4,UU,900,7733.476999999999,mvglm,0,0,0,0,0,0,0,0,0,0
Noise,3.5874077435046274,0.98001998001998,UU,900,7733.476999999999,mvglm,0,0,0,0,0,0,0,0,0,0
Noise,4.039805394207178,0.968031968031968,UU,900,7733.476999999999,mvglm,0,0,0,0,0,0,0,0,0,0
env1,2100.7815743832994,9.99000999000999e-4,UU,900,7819.9649999999965,mvglm,0,0,0,0,0,0,0,0,0,0
env2,2226.419125395889,9.99000999000999e-4,UU,900,7819.9649999999965,mvglm,0,0,0,0,0,0,0,0,0,0
Noise,15.80320020414365,0.3786213786213786,UU,900,7819.9649999999965,mvglm,0,0,0,0,0,0,0,0,0,0
Noise,13.844082486937623,0.46853146853146854,UU,900,7819.9649999999965,mvglm,0,0,0,0,0,0,0,0,0,0
env1,2100.7815743832994,9.99000999000999e-4,UU,900,7803.400999999998,mvglm,0,0,0,0,0,0,0,0,0,0
env2,2226.419125395889,9.99000999000999e-4,UU,900,7803.400999999998,mvglm,0,0,0,0,0,0,0,0,0,0
Noise,9.941747881091942,0.6863136863136863,UU,900,7803.400999999998,mvglm,0,0,0,0,0,0,0,0,0,0
Noise,5.088491719503054,0.949050949050949,UU,900,7803.400999999998,mvglm,0,0,0,0,0,0,0,0,0,0
env1,2100.7815743832994,9.99000999000999e-4,UU,900,7881.380000000005,mvglm,0,0,0,0,0,0,0,0,0,0
env2,2226.419125395889,9.99000999000999e-4,UU,900,7881.380000000005,mvglm,0,0,0,0,0,0,0,0,0,0
Noise,6.939045037006963,0.8781218781218781,UU,900,7881.380000000005,mvglm,0,0,0,0,0,0,0,0,0,0
Noise,7.348462323959666,0.8311688311688312,UU,900,7881.380000000005,mvglm,0,0,0,0,0,0,0,0,0,0
env1,102.82234983421809,9.99000999000999e-4,UL,25,123.94599999999627,mvglm,0,0,0,0,0,0,0,0,0,0
env2,22.87536648751066,0.14085914085914086,UL,25,123.94599999999627,mvglm,1,1,1,1,1,0,0,0,0,0
Noise,4.214326309955069,0.8561438561438561,UL,25,123.94599999999627,mvglm,0,0,0,0,0,0,0,0,0,0
Noise,10.775239893822473,0.5824175824175825,UL,25,123.94599999999627,mvglm,0,0,0,0,0,0,0,0,0,0
env1,102.82234983421809,9.99000999000999e-4,UL,25,117.96099999999569,mvglm,0,0,0,0,0,0,0,0,0,0
env2,22.87536648751066,0.14785214785214784,UL,25,117.96099999999569,mvglm,1,1,1,1,1,0,0,0,0,0
Noise,2.8733921793121198,0.926073926073926,UL,25,117.96099999999569,mvglm,0,0,0,0,0,0,0,0,0,0
Noise,2.0378411518161244,0.973026973026973,UL,25,117.96099999999569,mvglm,0,0,0,0,0,0,0,0,0,0
env1,102.82234983421809,9.99000999000999e-4,UL,25,126.20900000000256,mvglm,0,0,0,0,0,0,0,0,0,0
env2,22.87536648751066,0.15284715284715283,UL,25,126.20900000000256,mvglm,1,1,1,1,1,0,0,0,0,0
Noise,2.7794427883540607,0.9170829170829171,UL,25,126.20900000000256,mvglm,0,0,0,0,0,0,0,0,0,0
Noise,12.19399242171609,0.6193806193806194,UL,25,126.20900000000256,mvglm,0,0,0,0,0,0,0,0,0,0
env1,102.82234983421809,9.99000999000999e-4,UL,25,123.83400000000256,mvglm,0,0,0,0,0,0,0,0,0,0
env2,22.87536648751066,0.15184815184815184,UL,25,123.83400000000256,mvglm,1,1,1,1,1,0,0,0,0,0
Noise,7.788076034990212,0.6533466533466533,UL,25,123.83400000000256,mvglm,0,0,0,0,0,0,0,0,0,0
Noise,6.829591842588513,0.7692307692307693,UL,25,123.83400000000256,mvglm,0,0,0,0,0,0,0,0,0,0
env1,102.82234983421809,9.99000999000999e-4,UL,25,122.62799999999697,mvglm,0,0,0,0,0,0,0,0,0,0
env2,22.87536648751066,0.13686313686313686,UL,25,122.62799999999697,mvglm,1,1,1,1,1,0,0,0,0,0
Noise,8.19154841429588,0.5684315684315684,UL,25,122.62799999999697,mvglm,0,0,0,0,0,0,0,0,0,0
Noise,2.7275737074602233,0.948051948051948,UL,25,122.62799999999697,mvglm,0,0,0,0,0,0,0,0,0,0
env1,576.5395361185001,9.99000999000999e-4,UL,100,358.8390000000072,mvglm,0,0,0,0,0,0,0,0,0,0
env2,84.18434851518856,9.99000999000999e-4,UL,100,358.8390000000072,mvglm,0,0,0,0,0,0,0,0,0,0
Noise,6.197039070851133,0.6003996003996004,UL,100,358.8390000000072,mvglm,0,0,0,0,0,0,0,0,0,0
Noise,10.557114686015609,0.3226773226773227,UL,100,358.8390000000072,mvglm,0,0,0,0,0,0,0,0,0,0
env1,576.5395361185001,9.99000999000999e-4,UL,100,362.67699999999604,mvglm,0,0,0,0,0,0,0,0,0,0
env2,84.18434851518856,9.99000999000999e-4,UL,100,362.67699999999604,mvglm,0,0,0,0,0,0,0,0,0,0
Noise,3.7697426499859716,0.8161838161838162,UL,100,362.67699999999604,mvglm,0,0,0,0,0,0,0,0,0,0
Noise,4.069035663986767,0.8061938061938062,UL,100,362.67699999999604,mvglm,0,0,0,0,0,0,0,0,0,0
env1,576.5395361185001,9.99000999000999e-4,UL,100,365.3549999999959,mvglm,0,0,0,0,0,0,0,0,0,0
env2,84.18434851518856,9.99000999000999e-4,UL,100,365.3549999999959,mvglm,0,0,0,0,0,0,0,0,0,0
Noise,7.2192404677596755,0.5204795204795205,UL,100,365.3549999999959,mvglm,0,0,0,0,0,0,0,0,0,0
Noise,4.954891109117568,0.7102897102897103,UL,100,365.3549999999959,mvglm,0,0,0,0,0,0,0,0,0,0
env1,576.5395361185001,9.99000999000999e-4,UL,100,369.02999999999884,mvglm,0,0,0,0,0,0,0,0,0,0
env2,84.18434851518856,9.99000999000999e-4,UL,100,369.02999999999884,mvglm,0,0,0,0,0,0,0,0,0,0
Noise,1.814850333697791,0.955044955044955,UL,100,369.02999999999884,mvglm,0,0,0,0,0,0,0,0,0,0
Noise,1.9029703869441619,0.959040959040959,UL,100,369.02999999999884,mvglm,0,0,0,0,0,0,0,0,0,0
env1,576.5395361185001,9.99000999000999e-4,UL,100,381.68799999999464,mvglm,0,0,0,0,0,0,0,0,0,0
env2,84.18434851518856,9.99000999000999e-4,UL,100,381.68799999999464,mvglm,0,0,0,0,0,0,0,0,0,0
Noise,4.888421569348623,0.7272727272727273,UL,100,381.68799999999464,mvglm,0,0,0,0,0,0,0,0,0,0
Noise,2.0113131270445592,0.965034965034965,UL,100,381.68799999999464,mvglm,0,0,0,0,0,0,0,0,0,0
env1,1365.7218274470802,9.99000999000999e-4,UL,225,763.2839999999997,mvglm,0,0,0,0,0,0,0,0,0,0
env2,185.82643380195282,9.99000999000999e-4,UL,225,763.2839999999997,mvglm,0,0,0,0,0,0,0,0,0,0
Noise,4.459083377858633,0.6943056943056943,UL,225,763.2839999999997,mvglm,0,0,0,0,0,0,0,0,0,0
Noise,12.519931721976945,0.14785214785214784,UL,225,763.2839999999997,mvglm,0,0,0,0,0,0,0,0,0,0
env1,1365.7218274470802,9.99000999000999e-4,UL,225,747.0449999999983,mvglm,0,0,0,0,0,0,0,0,0,0
env2,185.82643380195282,9.99000999000999e-4,UL,225,747.0449999999983,mvglm,0,0,0,0,0,0,0,0,0,0
Noise,8.10371945704128,0.38161838161838163,UL,225,747.0449999999983,mvglm,0,0,0,0,0,0,0,0,0,0
Noise,1.439284874988516,0.972027972027972,UL,225,747.0449999999983,mvglm,0,0,0,0,0,0,0,0,0,0
env1,1365.7218274470802,9.99000999000999e-4,UL,225,743.679999999993,mvglm,0,0,0,0,0,0,0,0,0,0
env2,185.82643380195282,9.99000999000999e-4,UL,225,743.679999999993,mvglm,0,0,0,0,0,0,0,0,0,0
Noise,1.8583925552559322,0.965034965034965,UL,225,743.679999999993,mvglm,0,0,0,0,0,0,0,0,0,0
Noise,1.9784155972242843,0.9460539460539461,UL,225,743.679999999993,mvglm,0,0,0,0,0,0,0,0,0,0
env1,1365.7218274470802,9.99000999000999e-4,UL,225,745.1609999999928,mvglm,0,0,0,0,0,0,0,0,0,0
env2,185.82643380195282,9.99000999000999e-4,UL,225,745.1609999999928,mvglm,0,0,0,0,0,0,0,0,0,0
Noise,3.2191689756330106,0.8461538461538461,UL,225,745.1609999999928,mvglm,0,0,0,0,0,0,0,0,0,0
Noise,1.7399790577371732,0.959040959040959,UL,225,745.1609999999928,mvglm,0,0,0,0,0,0,0,0,0,0
env1,1365.7218274470802,9.99000999000999e-4,UL,225,747.2489999999962,mvglm,0,0,0,0,0,0,0,0,0,0
env2,185.82643380195282,9.99000999000999e-4,UL,225,747.2489999999962,mvglm,0,0,0,0,0,0,0,0,0,0
Noise,3.4742900253475,0.7932067932067932,UL,225,747.2489999999962,mvglm,0,0,0,0,0,0,0,0,0,0
Noise,5.97966645372594,0.5674325674325674,UL,225,747.2489999999962,mvglm,0,0,0,0,0,0,0,0,0,0
env1,2527.394480803301,9.99000999000999e-4,UL,400,1241.1290000000008,mvglm,0,0,0,0,0,0,0,0,0,0
env2,333.20404859794235,9.99000999000999e-4,UL,400,1241.1290000000008,mvglm,0,0,0,0,0,0,0,0,0,0
Noise,0.6623466780697527,1,UL,400,1241.1290000000008,mvglm,0,0,0,0,0,0,0,0,0,0
Noise,2.4931213509223653,0.9090909090909091,UL,400,1241.1290000000008,mvglm,0,0,0,0,0,0,0,0,0,0
env1,2527.394480803301,9.99000999000999e-4,UL,400,1248.7050000000017,mvglm,0,0,0,0,0,0,0,0,0,0
env2,333.20404859794235,9.99000999000999e-4,UL,400,1248.7050000000017,mvglm,0,0,0,0,0,0,0,0,0,0
Noise,2.6824001209652124,0.8821178821178821,UL,400,1248.7050000000017,mvglm,0,0,0,0,0,0,0,0,0,0
Noise,6.082890817667476,0.5574425574425574,UL,400,1248.7050000000017,mvglm,0,0,0,0,0,0,0,0,0,0
env1,2527.394480803301,9.99000999000999e-4,UL,400,1247.3680000000022,mvglm,0,0,0,0,0,0,0,0,0,0
env2,333.20404859794235,9.99000999000999e-4,UL,400,1247.3680000000022,mvglm,0,0,0,0,0,0,0,0,0,0
Noise,4.424405941389068,0.7132867132867133,UL,400,1247.3680000000022,mvglm,0,0,0,0,0,0,0,0,0,0
Noise,3.122692573996801,0.8491508491508492,UL,400,1247.3680000000022,mvglm,0,0,0,0,0,0,0,0,0,0
env1,2527.394480803301,9.99000999000999e-4,UL,400,1247.810999999987,mvglm,0,0,0,0,0,0,0,0,0,0
env2,333.20404859794235,9.99000999000999e-4,UL,400,1247.810999999987,mvglm,0,0,0,0,0,0,0,0,0,0
Noise,5.013101089076599,0.6383616383616384,UL,400,1247.810999999987,mvglm,0,0,0,0,0,0,0,0,0,0
Noise,1.1235597818827046,0.99000999000999,UL,400,1247.810999999987,mvglm,0,0,0,0,0,0,0,0,0,0
env1,2527.394480803301,9.99000999000999e-4,UL,400,1247.136999999988,mvglm,0,0,0,0,0,0,0,0,0,0
env2,333.20404859794235,9.99000999000999e-4,UL,400,1247.136999999988,mvglm,0,0,0,0,0,0,0,0,0,0
Noise,11.83778761840017,0.15384615384615385,UL,400,1247.136999999988,mvglm,0,0,0,0,0,0,0,0,0,0
Noise,5.740102406525921,0.5984015984015985,UL,400,1247.136999999988,mvglm,0,0,0,0,0,0,0,0,0,0
env1,4011.3072791236777,9.99000999000999e-4,UL,625,1888.8790000000008,mvglm,0,0,0,0,0,0,0,0,0,0
env2,517.5369948268699,9.99000999000999e-4,UL,625,1888.8790000000008,mvglm,0,0,0,0,0,0,0,0,0,0
Noise,2.620221241030322,0.8881118881118881,UL,625,1888.8790000000008,mvglm,0,0,0,0,0,0,0,0,0,0
Noise,4.097693573012293,0.7282717282717283,UL,625,1888.8790000000008,mvglm,0,0,0,0,0,0,0,0,0,0
env1,4011.3072791236777,9.99000999000999e-4,UL,625,1890.8090000000084,mvglm,0,0,0,0,0,0,0,0,0,0
env2,517.5369948268699,9.99000999000999e-4,UL,625,1890.8090000000084,mvglm,0,0,0,0,0,0,0,0,0,0
Noise,2.5479724548727063,0.8901098901098901,UL,625,1890.8090000000084,mvglm,0,0,0,0,0,0,0,0,0,0
Noise,6.184822149745742,0.5204795204795205,UL,625,1890.8090000000084,mvglm,0,0,0,0,0,0,0,0,0,0
env1,4011.3072791236777,9.99000999000999e-4,UL,625,1885.2119999999995,mvglm,0,0,0,0,0,0,0,0,0,0
env2,517.5369948268699,9.99000999000999e-4,UL,625,1885.2119999999995,mvglm,0,0,0,0,0,0,0,0,0,0
Noise,9.174290334944544,0.2867132867132867,UL,625,1885.2119999999995,mvglm,0,0,0,0,0,0,0,0,0,0
Noise,7.781649674820528,0.3936063936063936,UL,625,1885.2119999999995,mvglm,0,0,0,0,0,0,0,0,0,0
env1,4011.3072791236777,9.99000999000999e-4,UL,625,1887.425000000003,mvglm,0,0,0,0,0,0,0,0,0,0
env2,517.5369948268699,9.99000999000999e-4,UL,625,1887.425000000003,mvglm,0,0,0,0,0,0,0,0,0,0
Noise,0.9707649325578132,0.99000999000999,UL,625,1887.425000000003,mvglm,0,0,0,0,0,0,0,0,0,0
Noise,3.4370652956586127,0.8181818181818182,UL,625,1887.425000000003,mvglm,0,0,0,0,0,0,0,0,0,0
env1,4011.3072791236777,9.99000999000999e-4,UL,625,1890.2540000000008,mvglm,0,0,0,0,0,0,0,0,0,0
env2,517.5369948268699,9.99000999000999e-4,UL,625,1890.2540000000008,mvglm,0,0,0,0,0,0,0,0,0,0
Noise,6.038502135153067,0.5124875124875125,UL,625,1890.2540000000008,mvglm,0,0,0,0,0,0,0,0,0,0
Noise,7.429512257996521,0.3906093906093906,UL,625,1890.2540000000008,mvglm,0,0,0,0,0,0,0,0,0,0
env1,5820.0953592788665,9.99000999000999e-4,UL,900,2657.524999999994,mvglm,0,0,0,0,0,0,0,0,0,0
env2,745.0656515552573,9.99000999000999e-4,UL,900,2657.524999999994,mvglm,0,0,0,0,0,0,0,0,0,0
Noise,3.3011111798341517,0.8061938061938062,UL,900,2657.524999999994,mvglm,0,0,0,0,0,0,0,0,0,0
Noise,3.8969574612087854,0.7372627372627373,UL,900,2657.524999999994,mvglm,0,0,0,0,0,0,0,0,0,0
env1,5820.0953592788665,9.99000999000999e-4,UL,900,2660.446000000011,mvglm,0,0,0,0,0,0,0,0,0,0
env2,745.0656515552573,9.99000999000999e-4,UL,900,2660.446000000011,mvglm,0,0,0,0,0,0,0,0,0,0
Noise,1.7761554412468286,0.9470529470529471,UL,900,2660.446000000011,mvglm,0,0,0,0,0,0,0,0,0,0
Noise,7.071946064794247,0.3936063936063936,UL,900,2660.446000000011,mvglm,0,0,0,0,0,0,0,0,0,0
env1,5820.0953592788665,9.99000999000999e-4,UL,900,2697.324000000008,mvglm,0,0,0,0,0,0,0,0,0,0
env2,745.0656515552573,9.99000999000999e-4,UL,900,2697.324000000008,mvglm,0,0,0,0,0,0,0,0,0,0
Noise,12.7679138995627,0.11788211788211789,UL,900,2697.324000000008,mvglm,0,0,0,0,0,0,0,0,0,0
Noise,4.324065292873911,0.6863136863136863,UL,900,2697.324000000008,mvglm,0,0,0,0,0,0,0,0,0,0
env1,5820.0953592788665,9.99000999000999e-4,UL,900,2671.9850000000006,mvglm,0,0,0,0,0,0,0,0,0,0
env2,745.0656515552573,9.99000999000999e-4,UL,900,2671.9850000000006,mvglm,0,0,0,0,0,0,0,0,0,0
Noise,7.0097400031204415,0.4155844155844156,UL,900,2671.9850000000006,mvglm,0,0,0,0,0,0,0,0,0,0
Noise,1.4923424741027702,0.968031968031968,UL,900,2671.9850000000006,mvglm,0,0,0,0,0,0,0,0,0,0
env1,5820.0953592788665,9.99000999000999e-4,UL,900,2656.415000000008,mvglm,0,0,0,0,0,0,0,0,0,0
env2,745.0656515552573,9.99000999000999e-4,UL,900,2656.415000000008,mvglm,0,0,0,0,0,0,0,0,0,0
Noise,3.3691278279879953,0.8191808191808192,UL,900,2656.415000000008,mvglm,0,0,0,0,0,0,0,0,0,0
Noise,5.282380825556174,0.5564435564435565,UL,900,2656.415000000008,mvglm,0,0,0,0,0,0,0,0,0,0
env1,30.569136645399112,0.01998001998001998,UB,25,232.44500000000698,mvglm,1,0,0,0,0,0,0,0,0,0
env2,25.564673004958436,0.12187812187812187,UB,25,232.44500000000698,mvglm,1,1,1,1,1,0,0,0,0,0
Noise,5.899332451941483,0.8071928071928072,UB,25,232.44500000000698,mvglm,0,0,0,0,0,0,0,0,0,0
Noise,11.028117680922684,0.6873126873126874,UB,25,232.44500000000698,mvglm,0,0,0,0,0,0,0,0,0,0
env1,30.569136645399112,0.02097902097902098,UB,25,238.53999999997905,mvglm,1,0,0,0,0,0,0,0,0,0
env2,25.564673004958436,0.13586413586413587,UB,25,238.53999999997905,mvglm,1,1,1,1,1,0,0,0,0,0
Noise,14.057380607786563,0.36163836163836166,UB,25,238.53999999997905,mvglm,0,0,0,0,0,0,0,0,0,0
Noise,32.8995197436431,0.45854145854145856,UB,25,238.53999999997905,mvglm,0,0,0,0,0,0,0,0,0,0
env1,30.569136645399112,0.021978021978021976,UB,25,227.5119999999879,mvglm,1,0,0,0,0,0,0,0,0,0
env2,25.564673004958436,0.11988011988011987,UB,25,227.5119999999879,mvglm,1,1,1,1,1,0,0,0,0,0
Noise,18.138832931751274,0.2047952047952048,UB,25,227.5119999999879,mvglm,0,0,0,0,0,0,0,0,0,0
Noise,12.552094778463925,0.7482517482517482,UB,25,227.5119999999879,mvglm,0,0,0,0,0,0,0,0,0,0
env1,30.569136645399112,0.01998001998001998,UB,25,232.48500000001513,mvglm,1,0,0,0,0,0,0,0,0,0
env2,25.564673004958436,0.13386613386613386,UB,25,232.48500000001513,mvglm,1,1,1,1,1,0,0,0,0,0
Noise,27.619380768500335,0.1258741258741259,UB,25,232.48500000001513,mvglm,0,0,0,0,0,0,0,0,0,0
Noise,32.99369442740107,0.5504495504495505,UB,25,232.48500000001513,mvglm,0,0,0,0,0,0,0,0,0,0
env1,30.569136645399112,0.027972027972027972,UB,25,245.02900000000955,mvglm,1,0,0,0,0,0,0,0,0,0
env2,25.564673004958436,0.11188811188811189,UB,25,245.02900000000955,mvglm,1,1,1,1,1,0,0,0,0,0
Noise,19.48401589710796,0.14885114885114886,UB,25,245.02900000000955,mvglm,0,0,0,0,0,0,0,0,0,0
Noise,16.938835474735107,0.6723276723276723,UB,25,245.02900000000955,mvglm,0,0,0,0,0,0,0,0,0,0
env1,182.0691272192309,9.99000999000999e-4,UB,100,942.4100000000035,mvglm,0,0,0,0,0,0,0,0,0,0
env2,110.92519863596323,9.99000999000999e-4,UB,100,942.4100000000035,mvglm,0,0,0,0,0,0,0,0,0,0
Noise,8.790627306999454,0.6793206793206793,UB,100,942.4100000000035,mvglm,0,0,0,0,0,0,0,0,0,0
Noise,11.351918443806312,0.5884115884115884,UB,100,942.4100000000035,mvglm,0,0,0,0,0,0,0,0,0,0
env1,182.0691272192309,9.99000999000999e-4,UB,100,902.0320000000065,mvglm,0,0,0,0,0,0,0,0,0,0
env2,110.92519863596323,9.99000999000999e-4,UB,100,902.0320000000065,mvglm,0,0,0,0,0,0,0,0,0,0
Noise,12.746184753933449,0.4645354645354645,UB,100,902.0320000000065,mvglm,0,0,0,0,0,0,0,0,0,0
Noise,9.10540906926093,0.6543456543456544,UB,100,902.0320000000065,mvglm,0,0,0,0,0,0,0,0,0,0
env1,182.0691272192309,9.99000999000999e-4,UB,100,911.6420000000217,mvglm,0,0,0,0,0,0,0,0,0,0
env2,110.92519863596323,9.99000999000999e-4,UB,100,911.6420000000217,mvglm,0,0,0,0,0,0,0,0,0,0
Noise,9.785202473570735,0.6623376623376623,UB,100,911.6420000000217,mvglm,0,0,0,0,0,0,0,0,0,0
Noise,25.316916917314018,0.17782217782217782,UB,100,911.6420000000217,mvglm,0,0,0,0,0,0,0,0,0,0
env1,182.0691272192309,9.99000999000999e-4,UB,100,945.6719999999914,mvglm,0,0,0,0,0,0,0,0,0,0
env2,110.92519863596323,9.99000999000999e-4,UB,100,945.6719999999914,mvglm,0,0,0,0,0,0,0,0,0,0
Noise,5.411313433053522,0.906093906093906,UB,100,945.6719999999914,mvglm,0,0,0,0,0,0,0,0,0,0
Noise,6.152558063975675,0.8391608391608392,UB,100,945.6719999999914,mvglm,0,0,0,0,0,0,0,0,0,0
env1,182.0691272192309,9.99000999000999e-4,UB,100,939.8769999999786,mvglm,0,0,0,0,0,0,0,0,0,0
env2,110.92519863596323,9.99000999000999e-4,UB,100,939.8769999999786,mvglm,0,0,0,0,0,0,0,0,0,0
Noise,25.80453338511711,0.14385614385614387,UB,100,939.8769999999786,mvglm,0,0,0,0,0,0,0,0,0,0
Noise,5.539607190446361,0.8431568431568431,UB,100,939.8769999999786,mvglm,0,0,0,0,0,0,0,0,0,0
env1,442.7716639913234,9.99000999000999e-4,UB,225,1945.5299999999988,mvglm,0,0,0,0,0,0,0,0,0,0
env2,276.52223009057684,9.99000999000999e-4,UB,225,1945.5299999999988,mvglm,0,0,0,0,0,0,0,0,0,0
Noise,15.088070504950338,0.5154845154845155,UB,225,1945.5299999999988,mvglm,0,0,0,0,0,0,0,0,0,0
Noise,21.1942973628486,0.2937062937062937,UB,225,1945.5299999999988,mvglm,0,0,0,0,0,0,0,0,0,0
env1,442.7716639913234,9.99000999000999e-4,UB,225,1958.761999999988,mvglm,0,0,0,0,0,0,0,0,0,0
env2,276.52223009057684,9.99000999000999e-4,UB,225,1958.761999999988,mvglm,0,0,0,0,0,0,0,0,0,0
Noise,8.287694838894595,0.8721278721278721,UB,225,1958.761999999988,mvglm,0,0,0,0,0,0,0,0,0,0
Noise,12.841407554706507,0.5684315684315684,UB,225,1958.761999999988,mvglm,0,0,0,0,0,0,0,0,0,0
env1,442.7716639913234,9.99000999000999e-4,UB,225,1944.4120000000112,mvglm,0,0,0,0,0,0,0,0,0,0
env2,276.52223009057684,9.99000999000999e-4,UB,225,1944.4120000000112,mvglm,0,0,0,0,0,0,0,0,0,0
Noise,12.965510187029281,0.6323676323676324,UB,225,1944.4120000000112,mvglm,0,0,0,0,0,0,0,0,0,0
Noise,5.202847972090694,0.935064935064935,UB,225,1944.4120000000112,mvglm,0,0,0,0,0,0,0,0,0,0
env1,442.7716639913234,9.99000999000999e-4,UB,225,1932.55799999999,mvglm,0,0,0,0,0,0,0,0,0,0
env2,276.52223009057684,9.99000999000999e-4,UB,225,1932.55799999999,mvglm,0,0,0,0,0,0,0,0,0,0
Noise,8.581491862716689,0.8451548451548452,UB,225,1932.55799999999,mvglm,0,0,0,0,0,0,0,0,0,0
Noise,4.195969784551835,0.9760239760239761,UB,225,1932.55799999999,mvglm,0,0,0,0,0,0,0,0,0,0
env1,442.7716639913234,9.99000999000999e-4,UB,225,1929.4890000000014,mvglm,0,0,0,0,0,0,0,0,0,0
env2,276.52223009057684,9.99000999000999e-4,UB,225,1929.4890000000014,mvglm,0,0,0,0,0,0,0,0,0,0
Noise,6.40261194648258,0.926073926073926,UB,225,1929.4890000000014,mvglm,0,0,0,0,0,0,0,0,0,0
Noise,8.86610856353991,0.8021978021978022,UB,225,1929.4890000000014,mvglm,0,0,0,0,0,0,0,0,0,0
env1,805.2660472269417,9.99000999000999e-4,UB,400,3361.758999999991,mvglm,0,0,0,0,0,0,0,0,0,0
env2,497.6050865178836,9.99000999000999e-4,UB,400,3361.758999999991,mvglm,0,0,0,0,0,0,0,0,0,0
Noise,14.556677267097257,0.6093906093906094,UB,400,3361.758999999991,mvglm,0,0,0,0,0,0,0,0,0,0
Noise,14.220542615172235,0.5644355644355644,UB,400,3361.758999999991,mvglm,0,0,0,0,0,0,0,0,0,0
env1,805.2660472269417,9.99000999000999e-4,UB,400,3387.0269999999728,mvglm,0,0,0,0,0,0,0,0,0,0
env2,497.6050865178836,9.99000999000999e-4,UB,400,3387.0269999999728,mvglm,0,0,0,0,0,0,0,0,0,0
Noise,3.031368061072726,0.995004995004995,UB,400,3387.0269999999728,mvglm,0,0,0,0,0,0,0,0,0,0
Noise,8.708514233585447,0.8191808191808192,UB,400,3387.0269999999728,mvglm,0,0,0,0,0,0,0,0,0,0
env1,805.2660472269417,9.99000999000999e-4,UB,400,3356.1350000000093,mvglm,0,0,0,0,0,0,0,0,0,0
env2,497.6050865178836,9.99000999000999e-4,UB,400,3356.1350000000093,mvglm,0,0,0,0,0,0,0,0,0,0
Noise,6.406769573768997,0.9370629370629371,UB,400,3356.1350000000093,mvglm,0,0,0,0,0,0,0,0,0,0
Noise,12.016201312905196,0.6653346653346653,UB,400,3356.1350000000093,mvglm,0,0,0,0,0,0,0,0,0,0
env1,805.2660472269417,9.99000999000999e-4,UB,400,3328.231999999989,mvglm,0,0,0,0,0,0,0,0,0,0
env2,497.6050865178836,9.99000999000999e-4,UB,400,3328.231999999989,mvglm,0,0,0,0,0,0,0,0,0,0
Noise,9.18822316370597,0.8411588411588412,UB,400,3328.231999999989,mvglm,0,0,0,0,0,0,0,0,0,0
Noise,4.655484737199004,0.971028971028971,UB,400,3328.231999999989,mvglm,0,0,0,0,0,0,0,0,0,0
env1,805.2660472269417,9.99000999000999e-4,UB,400,3494.404999999999,mvglm,0,0,0,0,0,0,0,0,0,0
env2,497.6050865178836,9.99000999000999e-4,UB,400,3494.404999999999,mvglm,0,0,0,0,0,0,0,0,0,0
Noise,7.71615220908393,0.9110889110889111,UB,400,3494.404999999999,mvglm,0,0,0,0,0,0,0,0,0,0
Noise,14.455947265616942,0.5664335664335665,UB,400,3494.404999999999,mvglm,0,0,0,0,0,0,0,0,0,0
env1,1326.8473628097645,9.99000999000999e-4,UB,625,5214.975999999995,mvglm,0,0,0,0,0,0,0,0,0,0
env2,821.1660575005894,9.99000999000999e-4,UB,625,5214.975999999995,mvglm,0,0,0,0,0,0,0,0,0,0
Noise,5.183071764532997,0.962037962037962,UB,625,5214.975999999995,mvglm,0,0,0,0,0,0,0,0,0,0
Noise,3.9696524968512676,0.991008991008991,UB,625,5214.975999999995,mvglm,0,0,0,0,0,0,0,0,0,0
env1,1326.8473628097645,9.99000999000999e-4,UB,625,5193.584999999992,mvglm,0,0,0,0,0,0,0,0,0,0
env2,821.1660575005894,9.99000999000999e-4,UB,625,5193.584999999992,mvglm,0,0,0,0,0,0,0,0,0,0
Noise,10.068241231706907,0.8291708291708292,UB,625,5193.584999999992,mvglm,0,0,0,0,0,0,0,0,0,0
Noise,14.467929924343025,0.6063936063936064,UB,625,5193.584999999992,mvglm,0,0,0,0,0,0,0,0,0,0
env1,1326.8473628097645,9.99000999000999e-4,UB,625,5218.860000000015,mvglm,0,0,0,0,0,0,0,0,0,0
env2,821.1660575005894,9.99000999000999e-4,UB,625,5218.860000000015,mvglm,0,0,0,0,0,0,0,0,0,0
Noise,29.95295369787209,0.2097902097902098,UB,625,5218.860000000015,mvglm,0,0,0,0,0,0,0,0,0,0
Noise,11.171816772354305,0.7652347652347652,UB,625,5218.860000000015,mvglm,0,0,0,0,0,0,0,0,0,0
env1,1326.8473628097645,9.99000999000999e-4,UB,625,5315.013999999996,mvglm,0,0,0,0,0,0,0,0,0,0
env2,821.1660575005894,9.99000999000999e-4,UB,625,5315.013999999996,mvglm,0,0,0,0,0,0,0,0,0,0
Noise,15.00746199460309,0.6123876123876124,UB,625,5315.013999999996,mvglm,0,0,0,0,0,0,0,0,0,0
Noise,5.627846486929684,0.965034965034965,UB,625,5315.013999999996,mvglm,0,0,0,0,0,0,0,0,0,0
env1,1326.8473628097645,9.99000999000999e-4,UB,625,5206.223999999987,mvglm,0,0,0,0,0,0,0,0,0,0
env2,821.1660575005894,9.99000999000999e-4,UB,625,5206.223999999987,mvglm,0,0,0,0,0,0,0,0,0,0
Noise,6.394635094140085,0.952047952047952,UB,625,5206.223999999987,mvglm,0,0,0,0,0,0,0,0,0,0
Noise,5.683497999677911,0.9500499500499501,UB,625,5206.223999999987,mvglm,0,0,0,0,0,0,0,0,0,0
env1,1929.0804688488015,9.99000999000999e-4,UB,900,7971.499000000011,mvglm,0,0,0,0,0,0,0,0,0,0
env2,1184.1544365617415,9.99000999000999e-4,UB,900,7971.499000000011,mvglm,0,0,0,0,0,0,0,0,0,0
Noise,11.30893792362076,0.7802197802197802,UB,900,7971.499000000011,mvglm,0,0,0,0,0,0,0,0,0,0
Noise,18.25914803321666,0.45054945054945056,UB,900,7971.499000000011,mvglm,0,0,0,0,0,0,0,0,0,0
env1,1929.0804688488015,9.99000999000999e-4,UB,900,7708.751000000018,mvglm,0,0,0,0,0,0,0,0,0,0
env2,1184.1544365617415,9.99000999000999e-4,UB,900,7708.751000000018,mvglm,0,0,0,0,0,0,0,0,0,0
Noise,8.409777488356667,0.906093906093906,UB,900,7708.751000000018,mvglm,0,0,0,0,0,0,0,0,0,0
Noise,5.988599390321724,0.957042957042957,UB,900,7708.751000000018,mvglm,0,0,0,0,0,0,0,0,0,0
env1,1929.0804688488015,9.99000999000999e-4,UB,900,7736.358000000007,mvglm,0,0,0,0,0,0,0,0,0,0
env2,1184.1544365617415,9.99000999000999e-4,UB,900,7736.358000000007,mvglm,0,0,0,0,0,0,0,0,0,0
Noise,14.2180528719432,0.6703296703296703,UB,900,7736.358000000007,mvglm,0,0,0,0,0,0,0,0,0,0
Noise,4.29728916177055,0.984015984015984,UB,900,7736.358000000007,mvglm,0,0,0,0,0,0,0,0,0,0
env1,1929.0804688488015,9.99000999000999e-4,UB,900,7696.212999999989,mvglm,0,0,0,0,0,0,0,0,0,0
env2,1184.1544365617415,9.99000999000999e-4,UB,900,7696.212999999989,mvglm,0,0,0,0,0,0,0,0,0,0
Noise,13.65049719349554,0.6893106893106893,UB,900,7696.212999999989,mvglm,0,0,0,0,0,0,0,0,0,0
Noise,10.032291039958636,0.8311688311688312,UB,900,7696.212999999989,mvglm,0,0,0,0,0,0,0,0,0,0
env1,1929.0804688488015,9.99000999000999e-4,UB,900,7682.296000000002,mvglm,0,0,0,0,0,0,0,0,0,0
env2,1184.1544365617415,9.99000999000999e-4,UB,900,7682.296000000002,mvglm,0,0,0,0,0,0,0,0,0,0
Noise,4.622725087622257,0.986013986013986,UB,900,7682.296000000002,mvglm,0,0,0,0,0,0,0,0,0,0
Noise,9.487028990138697,0.8531468531468531,UB,900,7682.296000000002,mvglm,0,0,0,0,0,0,0,0,0,0
env1,98.02629453915486,9.99000999000999e-4,LL,25,17.69,mvglm,0,0,0,0,0,0,0,0,0,0
env2,149.0548468697684,9.99000999000999e-4,LL,25,17.69,mvglm,0,0,0,0,0,0,0,0,0,0
Noise,4.2623660864838655,0.5244755244755245,LL,25,17.69,mvglm,0,0,0,0,0,0,0,0,0,0
Noise,20.956104702275354,0.19880119880119881,LL,25,17.69,mvglm,0,0,0,0,0,0,0,0,0,0
env1,98.02629453915486,9.99000999000999e-4,LL,25,18.390000000000004,mvglm,0,0,0,0,0,0,0,0,0,0
env2,149.0548468697684,9.99000999000999e-4,LL,25,18.390000000000004,mvglm,0,0,0,0,0,0,0,0,0,0
Noise,9.051375465791835,0.33766233766233766,LL,25,18.390000000000004,mvglm,0,0,0,0,0,0,0,0,0,0
Noise,1.9129189386855217,0.6943056943056943,LL,25,18.390000000000004,mvglm,0,0,0,0,0,0,0,0,0,0
env1,98.02629453915486,9.99000999000999e-4,LL,25,19.42,mvglm,0,0,0,0,0,0,0,0,0,0
env2,149.0548468697684,9.99000999000999e-4,LL,25,19.42,mvglm,0,0,0,0,0,0,0,0,0,0
Noise,13.168727044090872,0.2787212787212787,LL,25,19.42,mvglm,0,0,0,0,0,0,0,0,0,0
Noise,7.088608794907543,0.4325674325674326,LL,25,19.42,mvglm,0,0,0,0,0,0,0,0,0,0
env1,98.02629453915486,9.99000999000999e-4,LL,25,25.740000000000002,mvglm,0,0,0,0,0,0,0,0,0,0
env2,149.0548468697684,9.99000999000999e-4,LL,25,25.740000000000002,mvglm,0,0,0,0,0,0,0,0,0,0
Noise,15.001316142661778,0.22777222777222778,LL,25,25.740000000000002,mvglm,0,0,0,0,0,0,0,0,0,0
Noise,2.7096686746631065,0.6573426573426573,LL,25,25.740000000000002,mvglm,0,0,0,0,0,0,0,0,0,0
env1,98.02629453915486,0.001998001998001998,LL,25,28.64,mvglm,0,0,0,0,0,0,0,0,0,0
env2,149.0548468697684,9.99000999000999e-4,LL,25,28.64,mvglm,0,0,0,0,0,0,0,0,0,0
Noise,4.076519772092695,0.5444555444555444,LL,25,28.64,mvglm,0,0,0,0,0,0,0,0,0,0
Noise,19.998042662212214,0.16683316683316685,LL,25,28.64,mvglm,0,0,0,0,0,0,0,0,0,0
env1,421.865021956202,9.99000999000999e-4,LL,100,101.2,mvglm,0,0,0,0,0,0,0,0,0,0
env2,707.0023077502822,9.99000999000999e-4,LL,100,101.2,mvglm,0,0,0,0,0,0,0,0,0,0
Noise,0.180014026352751,0.8861138861138861,LL,100,101.2,mvglm,0,0,0,0,0,0,0,0,0,0
Noise,0.6323085118798417,0.7422577422577422,LL,100,101.2,mvglm,0,0,0,0,0,0,0,0,0,0
env1,421.865021956202,9.99000999000999e-4,LL,100,103.11999999999998,mvglm,0,0,0,0,0,0,0,0,0,0
env2,707.0023077502822,9.99000999000999e-4,LL,100,103.11999999999998,mvglm,0,0,0,0,0,0,0,0,0,0
Noise,4.252227628120977,0.3866133866133866,LL,100,103.11999999999998,mvglm,0,0,0,0,0,0,0,0,0,0
Noise,0.06455989784069516,0.9530469530469531,LL,100,103.11999999999998,mvglm,0,0,0,0,0,0,0,0,0,0
env1,421.865021956202,9.99000999000999e-4,LL,100,94.69,mvglm,0,0,0,0,0,0,0,0,0,0
env2,707.0023077502822,9.99000999000999e-4,LL,100,94.69,mvglm,0,0,0,0,0,0,0,0,0,0
Noise,3.1507599187123105,0.45754245754245754,LL,100,94.69,mvglm,0,0,0,0,0,0,0,0,0,0
Noise,0.3213331403836719,0.8331668331668332,LL,100,94.69,mvglm,0,0,0,0,0,0,0,0,0,0
env1,421.865021956202,9.99000999000999e-4,LL,100,78.69999999999999,mvglm,0,0,0,0,0,0,0,0,0,0
env2,707.0023077502822,9.99000999000999e-4,LL,100,78.69999999999999,mvglm,0,0,0,0,0,0,0,0,0,0
Noise,0.7827713010566413,0.7192807192807192,LL,100,78.69999999999999,mvglm,0,0,0,0,0,0,0,0,0,0
Noise,5.888404800883222,0.2827172827172827,LL,100,78.69999999999999,mvglm,0,0,0,0,0,0,0,0,0,0
env1,421.865021956202,9.99000999000999e-4,LL,100,69.70000000000005,mvglm,0,0,0,0,0,0,0,0,0,0
env2,707.0023077502822,9.99000999000999e-4,LL,100,69.70000000000005,mvglm,0,0,0,0,0,0,0,0,0,0
Noise,12.844964980735881,0.13686313686313686,LL,100,69.70000000000005,mvglm,0,0,0,0,0,0,0,0,0,0
Noise,2.766758125638489,0.4725274725274725,LL,100,69.70000000000005,mvglm,0,0,0,0,0,0,0,0,0,0
env1,1009.8685387566502,9.99000999000999e-4,LL,225,161.07999999999993,mvglm,0,0,0,0,0,0,0,0,0,0
env2,1810.2218418413022,9.99000999000999e-4,LL,225,161.07999999999993,mvglm,0,0,0,0,0,0,0,0,0,0
Noise,4.629400929928806,0.3776223776223776,LL,225,161.07999999999993,mvglm,0,0,0,0,0,0,0,0,0,0
Noise,0.26362793726775635,0.8711288711288712,LL,225,161.07999999999993,mvglm,0,0,0,0,0,0,0,0,0,0
env1,1009.8685387566502,9.99000999000999e-4,LL,225,163.51,mvglm,0,0,0,0,0,0,0,0,0,0
env2,1810.2218418413022,9.99000999000999e-4,LL,225,163.51,mvglm,0,0,0,0,0,0,0,0,0,0
Noise,0.3167508706560511,0.8601398601398601,LL,225,163.51,mvglm,0,0,0,0,0,0,0,0,0,0
Noise,6.243239330270626,0.29270729270729273,LL,225,163.51,mvglm,0,0,0,0,0,0,0,0,0,0
env1,1009.8685387566502,9.99000999000999e-4,LL,225,163.3900000000001,mvglm,0,0,0,0,0,0,0,0,0,0
env2,1810.2218418413022,9.99000999000999e-4,LL,225,163.3900000000001,mvglm,0,0,0,0,0,0,0,0,0,0
Noise,21.374413117192262,0.04495504495504495,LL,225,163.3900000000001,mvglm,0,0,0,0,0,0,0,1,1,1
Noise,0.14212924389289583,0.9120879120879121,LL,225,163.3900000000001,mvglm,0,0,0,0,0,0,0,0,0,0
env1,1009.8685387566502,9.99000999000999e-4,LL,225,155.27999999999997,mvglm,0,0,0,0,0,0,0,0,0,0
env2,1810.2218418413022,9.99000999000999e-4,LL,225,155.27999999999997,mvglm,0,0,0,0,0,0,0,0,0,0
Noise,2.7396222533106993,0.4645354645354645,LL,225,155.27999999999997,mvglm,0,0,0,0,0,0,0,0,0,0
Noise,5.542650719933135,0.3096903096903097,LL,225,155.27999999999997,mvglm,0,0,0,0,0,0,0,0,0,0
env1,1009.8685387566502,9.99000999000999e-4,LL,225,160.55999999999995,mvglm,0,0,0,0,0,0,0,0,0,0
env2,1810.2218418413022,9.99000999000999e-4,LL,225,160.55999999999995,mvglm,0,0,0,0,0,0,0,0,0,0
Noise,6.228002523083887,0.3036963036963037,LL,225,160.55999999999995,mvglm,0,0,0,0,0,0,0,0,0,0
Noise,0.9424606251091063,0.7022977022977023,LL,225,160.55999999999995,mvglm,0,0,0,0,0,0,0,0,0,0
env1,1853.3840292427117,9.99000999000999e-4,LL,400,245.5,mvglm,0,0,0,0,0,0,0,0,0,0
env2,3437.8893417032104,9.99000999000999e-4,LL,400,245.5,mvglm,0,0,0,0,0,0,0,0,0,0
Noise,0.07699166326483464,0.958041958041958,LL,400,245.5,mvglm,0,0,0,0,0,0,0,0,0,0
Noise,0.29778807839056753,0.8551448551448552,LL,400,245.5,mvglm,0,0,0,0,0,0,0,0,0,0
env1,1853.3840292427117,9.99000999000999e-4,LL,400,244.8499999999999,mvglm,0,0,0,0,0,0,0,0,0,0
env2,3437.8893417032104,9.99000999000999e-4,LL,400,244.8499999999999,mvglm,0,0,0,0,0,0,0,0,0,0
Noise,0.02162736635273177,0.984015984015984,LL,400,244.8499999999999,mvglm,0,0,0,0,0,0,0,0,0,0
Noise,13.08381329276699,0.12787212787212787,LL,400,244.8499999999999,mvglm,0,0,0,0,0,0,0,0,0,0
env1,1853.3840292427117,9.99000999000999e-4,LL,400,242.75000000000045,mvglm,0,0,0,0,0,0,0,0,0,0
env2,3437.8893417032104,9.99000999000999e-4,LL,400,242.75000000000045,mvglm,0,0,0,0,0,0,0,0,0,0
Noise,9.339593035649159,0.20279720279720279,LL,400,242.75000000000045,mvglm,0,0,0,0,0,0,0,0,0,0
Noise,0.43267452772852266,0.8411588411588412,LL,400,242.75000000000045,mvglm,0,0,0,0,0,0,0,0,0,0
env1,1853.3840292427117,9.99000999000999e-4,LL,400,247.44999999999982,mvglm,0,0,0,0,0,0,0,0,0,0
env2,3437.8893417032104,9.99000999000999e-4,LL,400,247.44999999999982,mvglm,0,0,0,0,0,0,0,0,0,0
Noise,1.7537208075505077,0.5474525474525475,LL,400,247.44999999999982,mvglm,0,0,0,0,0,0,0,0,0,0
Noise,0.999964027880651,0.6843156843156843,LL,400,247.44999999999982,mvglm,0,0,0,0,0,0,0,0,0,0
env1,1853.3840292427117,9.99000999000999e-4,LL,400,241.94999999999982,mvglm,0,0,0,0,0,0,0,0,0,0
env2,3437.8893417032104,9.99000999000999e-4,LL,400,241.94999999999982,mvglm,0,0,0,0,0,0,0,0,0,0
Noise,11.141862537706857,0.14585414585414586,LL,400,241.94999999999982,mvglm,0,0,0,0,0,0,0,0,0,0
Noise,4.123347272397041,0.3946053946053946,LL,400,241.94999999999982,mvglm,0,0,0,0,0,0,0,0,0,0
env1,2959.7085972475506,9.99000999000999e-4,LL,625,516.2399999999998,mvglm,0,0,0,0,0,0,0,0,0,0
env2,5636.55727510598,9.99000999000999e-4,LL,625,516.2399999999998,mvglm,0,0,0,0,0,0,0,0,0,0
Noise,2.68129045427213,0.4915084915084915,LL,625,516.2399999999998,mvglm,0,0,0,0,0,0,0,0,0,0
Noise,0.7574797708921324,0.7482517482517482,LL,625,516.2399999999998,mvglm,0,0,0,0,0,0,0,0,0,0
env1,2959.7085972475506,9.99000999000999e-4,LL,625,435.8899999999999,mvglm,0,0,0,0,0,0,0,0,0,0
env2,5636.55727510598,9.99000999000999e-4,LL,625,435.8899999999999,mvglm,0,0,0,0,0,0,0,0,0,0
Noise,0.33491109495480487,0.8291708291708292,LL,625,435.8899999999999,mvglm,0,0,0,0,0,0,0,0,0,0
Noise,0.10344518527199398,0.9410589410589411,LL,625,435.8899999999999,mvglm,0,0,0,0,0,0,0,0,0,0
env1,2959.7085972475506,9.99000999000999e-4,LL,625,346.7000000000003,mvglm,0,0,0,0,0,0,0,0,0,0
env2,5636.55727510598,9.99000999000999e-4,LL,625,346.7000000000003,mvglm,0,0,0,0,0,0,0,0,0,0
Noise,10.346857963241746,0.21178821178821178,LL,625,346.7000000000003,mvglm,0,0,0,0,0,0,0,0,0,0
Noise,0.14052026080662472,0.935064935064935,LL,625,346.7000000000003,mvglm,0,0,0,0,0,0,0,0,0,0
env1,2959.7085972475506,9.99000999000999e-4,LL,625,347.8300000000004,mvglm,0,0,0,0,0,0,0,0,0,0
env2,5636.55727510598,9.99000999000999e-4,LL,625,347.8300000000004,mvglm,0,0,0,0,0,0,0,0,0,0
Noise,2.1731980555277914,0.5334665334665335,LL,625,347.8300000000004,mvglm,0,0,0,0,0,0,0,0,0,0
Noise,0.4004709934351922,0.8481518481518482,LL,625,347.8300000000004,mvglm,0,0,0,0,0,0,0,0,0,0
env1,2959.7085972475506,9.99000999000999e-4,LL,625,347.1300000000001,mvglm,0,0,0,0,0,0,0,0,0,0
env2,5636.55727510598,9.99000999000999e-4,LL,625,347.1300000000001,mvglm,0,0,0,0,0,0,0,0,0,0
Noise,4.476089317182414,0.3726273726273726,LL,625,347.1300000000001,mvglm,0,0,0,0,0,0,0,0,0,0
Noise,29.007070554486745,0.022977022977022976,LL,625,347.1300000000001,mvglm,0,0,0,0,0,0,1,1,1,1
env1,4326.706133556652,9.99000999000999e-4,LL,900,500.09000000000015,mvglm,0,0,0,0,0,0,0,0,0,0
env2,8389.647875811801,9.99000999000999e-4,LL,900,500.09000000000015,mvglm,0,0,0,0,0,0,0,0,0,0
Noise,0.2718092776494814,0.8761238761238761,LL,900,500.09000000000015,mvglm,0,0,0,0,0,0,0,0,0,0
Noise,2.56925444380704,0.5094905094905094,LL,900,500.09000000000015,mvglm,0,0,0,0,0,0,0,0,0,0
env1,4326.706133556652,9.99000999000999e-4,LL,900,499.0500000000002,mvglm,0,0,0,0,0,0,0,0,0,0
env2,8389.647875811801,9.99000999000999e-4,LL,900,499.0500000000002,mvglm,0,0,0,0,0,0,0,0,0,0
Noise,26.21609686418833,0.02997002997002997,LL,900,499.0500000000002,mvglm,0,0,0,0,0,0,1,1,1,1
Noise,0.46063913122088707,0.8151848151848152,LL,900,499.0500000000002,mvglm,0,0,0,0,0,0,0,0,0,0
env1,4326.706133556652,9.99000999000999e-4,LL,900,499.4499999999998,mvglm,0,0,0,0,0,0,0,0,0,0
env2,8389.647875811801,9.99000999000999e-4,LL,900,499.4499999999998,mvglm,0,0,0,0,0,0,0,0,0,0
Noise,8.074402218722753,0.24675324675324675,LL,900,499.4499999999998,mvglm,0,0,0,0,0,0,0,0,0,0
Noise,3.4625812404219687,0.42357642357642356,LL,900,499.4499999999998,mvglm,0,0,0,0,0,0,0,0,0,0
env1,4326.706133556652,9.99000999000999e-4,LL,900,500.5,mvglm,0,0,0,0,0,0,0,0,0,0
env2,8389.647875811801,9.99000999000999e-4,LL,900,500.5,mvglm,0,0,0,0,0,0,0,0,0,0
Noise,0.3361353739637707,0.8461538461538461,LL,900,500.5,mvglm,0,0,0,0,0,0,0,0,0,0
Noise,9.807457485021587,0.20679320679320679,LL,900,500.5,mvglm,0,0,0,0,0,0,0,0,0,0
env1,4326.706133556652,9.99000999000999e-4,LL,900,497.84000000000015,mvglm,0,0,0,0,0,0,0,0,0,0
env2,8389.647875811801,9.99000999000999e-4,LL,900,497.84000000000015,mvglm,0,0,0,0,0,0,0,0,0,0
Noise,9.65061271180457,0.19480519480519481,LL,900,497.84000000000015,mvglm,0,0,0,0,0,0,0,0,0,0
Noise,3.478941209828008,0.45354645354645357,LL,900,497.84000000000015,mvglm,0,0,0,0,0,0,0,0,0,0
env1,103.02444221713944,9.99000999000999e-4,LB,25,130.27499999999418,mvglm,0,0,0,0,0,0,0,0,0,0
env2,21.12310702483046,0.16383616383616384,LB,25,130.27499999999418,mvglm,1,1,1,1,1,0,0,0,0,0
Noise,4.066883584980701,0.8491508491508492,LB,25,130.27499999999418,mvglm,0,0,0,0,0,0,0,0,0,0
Noise,10.994338279172467,0.5614385614385614,LB,25,130.27499999999418,mvglm,0,0,0,0,0,0,0,0,0,0
env1,103.02444221713944,9.99000999000999e-4,LB,25,124.24000000001979,mvglm,0,0,0,0,0,0,0,0,0,0
env2,21.12310702483046,0.1758241758241758,LB,25,124.24000000001979,mvglm,1,1,1,1,1,0,0,0,0,0
Noise,2.9063471223747968,0.9210789210789211,LB,25,124.24000000001979,mvglm,0,0,0,0,0,0,0,0,0,0
Noise,1.961360543602325,0.9760239760239761,LB,25,124.24000000001979,mvglm,0,0,0,0,0,0,0,0,0,0
env1,103.02444221713944,9.99000999000999e-4,LB,25,132.05499999999302,mvglm,0,0,0,0,0,0,0,0,0,0
env2,21.12310702483046,0.15984015984015984,LB,25,132.05499999999302,mvglm,1,1,1,1,1,0,0,0,0,0
Noise,2.994047824337173,0.9050949050949051,LB,25,132.05499999999302,mvglm,0,0,0,0,0,0,0,0,0,0
Noise,12.32868642710747,0.6473526473526473,LB,25,132.05499999999302,mvglm,0,0,0,0,0,0,0,0,0,0
env1,103.02444221713944,9.99000999000999e-4,LB,25,129.4660000000149,mvglm,0,0,0,0,0,0,0,0,0,0
env2,21.12310702483046,0.17682317682317683,LB,25,129.4660000000149,mvglm,1,1,1,1,1,0,0,0,0,0
Noise,7.774849479511715,0.6273726273726273,LB,25,129.4660000000149,mvglm,0,0,0,0,0,0,0,0,0,0
Noise,7.078983836730345,0.7422577422577422,LB,25,129.4660000000149,mvglm,0,0,0,0,0,0,0,0,0,0
env1,103.02444221713944,9.99000999000999e-4,LB,25,127.1809999999823,mvglm,0,0,0,0,0,0,0,0,0,0
env2,21.12310702483046,0.15484515484515485,LB,25,127.1809999999823,mvglm,1,1,1,1,1,0,0,0,0,0
Noise,7.838902670419856,0.5834165834165834,LB,25,127.1809999999823,mvglm,0,0,0,0,0,0,0,0,0,0
Noise,2.9527082132801183,0.951048951048951,LB,25,127.1809999999823,mvglm,0,0,0,0,0,0,0,0,0,0
env1,566.9058464596756,9.99000999000999e-4,LB,100,380.9670000000042,mvglm,0,0,0,0,0,0,0,0,0,0
env2,77.22250969847227,9.99000999000999e-4,LB,100,380.9670000000042,mvglm,0,0,0,0,0,0,0,0,0,0
Noise,7.290914479875141,0.5124875124875125,LB,100,380.9670000000042,mvglm,0,0,0,0,0,0,0,0,0,0
Noise,10.823021159676273,0.3206793206793207,LB,100,380.9670000000042,mvglm,0,0,0,0,0,0,0,0,0,0
env1,566.9058464596756,9.99000999000999e-4,LB,100,384.58299999998417,mvglm,0,0,0,0,0,0,0,0,0,0
env2,77.22250969847227,9.99000999000999e-4,LB,100,384.58299999998417,mvglm,0,0,0,0,0,0,0,0,0,0
Noise,3.837632510986907,0.8161838161838162,LB,100,384.58299999998417,mvglm,0,0,0,0,0,0,0,0,0,0
Noise,4.702543784065256,0.7592407592407593,LB,100,384.58299999998417,mvglm,0,0,0,0,0,0,0,0,0,0
env1,566.9058464596756,9.99000999000999e-4,LB,100,400.4459999999963,mvglm,0,0,0,0,0,0,0,0,0,0
env2,77.22250969847227,9.99000999000999e-4,LB,100,400.4459999999963,mvglm,0,0,0,0,0,0,0,0,0,0
Noise,8.311187530892369,0.44555444555444557,LB,100,400.4459999999963,mvglm,0,0,0,0,0,0,0,0,0,0
Noise,4.8799602685678565,0.7282717282717283,LB,100,400.4459999999963,mvglm,0,0,0,0,0,0,0,0,0,0
env1,566.9058464596756,9.99000999000999e-4,LB,100,396.84900000001653,mvglm,0,0,0,0,0,0,0,0,0,0
env2,77.22250969847227,9.99000999000999e-4,LB,100,396.84900000001653,mvglm,0,0,0,0,0,0,0,0,0,0
Noise,2.0060920218392653,0.952047952047952,LB,100,396.84900000001653,mvglm,0,0,0,0,0,0,0,0,0,0
Noise,2.550193996442715,0.9230769230769231,LB,100,396.84900000001653,mvglm,0,0,0,0,0,0,0,0,0,0
env1,566.9058464596756,9.99000999000999e-4,LB,100,407.4569999999949,mvglm,0,0,0,0,0,0,0,0,0,0
env2,77.22250969847227,9.99000999000999e-4,LB,100,407.4569999999949,mvglm,0,0,0,0,0,0,0,0,0,0
Noise,4.795177759097328,0.7492507492507493,LB,100,407.4569999999949,mvglm,0,0,0,0,0,0,0,0,0,0
Noise,2.1222347511657063,0.962037962037962,LB,100,407.4569999999949,mvglm,0,0,0,0,0,0,0,0,0,0
env1,1336.7291435499326,9.99000999000999e-4,LB,225,901.0959999999905,mvglm,0,0,0,0,0,0,0,0,0,0
env2,170.48406092885307,9.99000999000999e-4,LB,225,901.0959999999905,mvglm,0,0,0,0,0,0,0,0,0,0
Noise,4.7515014626451375,0.6893106893106893,LB,225,901.0959999999905,mvglm,0,0,0,0,0,0,0,0,0,0
Noise,12.71320711781118,0.14885114885114886,LB,225,901.0959999999905,mvglm,0,0,0,0,0,0,0,0,0,0
env1,1336.7291435499326,9.99000999000999e-4,LB,225,800.8099999999977,mvglm,0,0,0,0,0,0,0,0,0,0
env2,170.48406092885307,9.99000999000999e-4,LB,225,800.8099999999977,mvglm,0,0,0,0,0,0,0,0,0,0
Noise,8.53699033960902,0.36163836163836166,LB,225,800.8099999999977,mvglm,0,0,0,0,0,0,0,0,0,0
Noise,1.411292252989142,0.983016983016983,LB,225,800.8099999999977,mvglm,0,0,0,0,0,0,0,0,0,0
env1,1336.7291435499326,9.99000999000999e-4,LB,225,789.5560000000114,mvglm,0,0,0,0,0,0,0,0,0,0
env2,170.48406092885307,9.99000999000999e-4,LB,225,789.5560000000114,mvglm,0,0,0,0,0,0,0,0,0,0
Noise,1.7187613469131975,0.9760239760239761,LB,225,789.5560000000114,mvglm,0,0,0,0,0,0,0,0,0,0
Noise,1.9699474720343915,0.955044955044955,LB,225,789.5560000000114,mvglm,0,0,0,0,0,0,0,0,0,0
env1,1336.7291435499326,9.99000999000999e-4,LB,225,787.7750000000233,mvglm,0,0,0,0,0,0,0,0,0,0
env2,170.48406092885307,9.99000999000999e-4,LB,225,787.7750000000233,mvglm,0,0,0,0,0,0,0,0,0,0
Noise,3.217618776555355,0.8631368631368631,LB,225,787.7750000000233,mvglm,0,0,0,0,0,0,0,0,0,0
Noise,2.1549685653130837,0.9400599400599401,LB,225,787.7750000000233,mvglm,0,0,0,0,0,0,0,0,0,0
env1,1336.7291435499326,9.99000999000999e-4,LB,225,791.5339999999851,mvglm,0,0,0,0,0,0,0,0,0,0
env2,170.48406092885307,9.99000999000999e-4,LB,225,791.5339999999851,mvglm,0,0,0,0,0,0,0,0,0,0
Noise,3.3505456609361772,0.8201798201798202,LB,225,791.5339999999851,mvglm,0,0,0,0,0,0,0,0,0,0
Noise,5.558896638467786,0.6253746253746254,LB,225,791.5339999999851,mvglm,0,0,0,0,0,0,0,0,0,0
env1,2449.056205961869,9.99000999000999e-4,LB,400,1319.3250000000116,mvglm,0,0,0,0,0,0,0,0,0,0
env2,301.3194071669611,9.99000999000999e-4,LB,400,1319.3250000000116,mvglm,0,0,0,0,0,0,0,0,0,0
Noise,0.7326733735135349,0.997002997002997,LB,400,1319.3250000000116,mvglm,0,0,0,0,0,0,0,0,0,0
Noise,2.707600326230704,0.8981018981018981,LB,400,1319.3250000000116,mvglm,0,0,0,0,0,0,0,0,0,0
env1,2449.056205961869,9.99000999000999e-4,LB,400,1326.7550000000047,mvglm,0,0,0,0,0,0,0,0,0,0
env2,301.3194071669611,9.99000999000999e-4,LB,400,1326.7550000000047,mvglm,0,0,0,0,0,0,0,0,0,0
Noise,2.7564269383690316,0.8841158841158842,LB,400,1326.7550000000047,mvglm,0,0,0,0,0,0,0,0,0,0
Noise,6.574046963562523,0.5054945054945055,LB,400,1326.7550000000047,mvglm,0,0,0,0,0,0,0,0,0,0
env1,2449.056205961869,9.99000999000999e-4,LB,400,1323.6519999999728,mvglm,0,0,0,0,0,0,0,0,0,0
env2,301.3194071669611,9.99000999000999e-4,LB,400,1323.6519999999728,mvglm,0,0,0,0,0,0,0,0,0,0
Noise,4.717951127499418,0.6873126873126874,LB,400,1323.6519999999728,mvglm,0,0,0,0,0,0,0,0,0,0
Noise,3.44318814815756,0.8241758241758241,LB,400,1323.6519999999728,mvglm,0,0,0,0,0,0,0,0,0,0
env1,2449.056205961869,9.99000999000999e-4,LB,400,1326.780999999959,mvglm,0,0,0,0,0,0,0,0,0,0
env2,301.3194071669611,9.99000999000999e-4,LB,400,1326.780999999959,mvglm,0,0,0,0,0,0,0,0,0,0
Noise,4.951275121235085,0.6533466533466533,LB,400,1326.780999999959,mvglm,0,0,0,0,0,0,0,0,0,0
Noise,1.1872192553114473,0.99000999000999,LB,400,1326.780999999959,mvglm,0,0,0,0,0,0,0,0,0,0
env1,2449.056205961869,9.99000999000999e-4,LB,400,1327.8609999999753,mvglm,0,0,0,0,0,0,0,0,0,0
env2,301.3194071669611,9.99000999000999e-4,LB,400,1327.8609999999753,mvglm,0,0,0,0,0,0,0,0,0,0
Noise,11.62534492190889,0.16383616383616384,LB,400,1327.8609999999753,mvglm,0,0,0,0,0,0,0,0,0,0
Noise,5.738285233931947,0.6053946053946054,LB,400,1327.8609999999753,mvglm,0,0,0,0,0,0,0,0,0,0
env1,3884.190320480683,9.99000999000999e-4,LB,625,2003.945000000007,mvglm,0,0,0,0,0,0,0,0,0,0
env2,468.52086768754907,9.99000999000999e-4,LB,625,2003.945000000007,mvglm,0,0,0,0,0,0,0,0,0,0
Noise,2.4301646511044055,0.913086913086913,LB,625,2003.945000000007,mvglm,0,0,0,0,0,0,0,0,0,0
Noise,3.711199847035914,0.7812187812187812,LB,625,2003.945000000007,mvglm,0,0,0,0,0,0,0,0,0,0
env1,3884.190320480683,9.99000999000999e-4,LB,625,2004.5979999999981,mvglm,0,0,0,0,0,0,0,0,0,0
env2,468.52086768754907,9.99000999000999e-4,LB,625,2004.5979999999981,mvglm,0,0,0,0,0,0,0,0,0,0
Noise,2.7033346629536936,0.8821178821178821,LB,625,2004.5979999999981,mvglm,0,0,0,0,0,0,0,0,0,0
Noise,6.568183012544523,0.4995004995004995,LB,625,2004.5979999999981,mvglm,0,0,0,0,0,0,0,0,0,0
env1,3884.190320480683,9.99000999000999e-4,LB,625,2001.130999999994,mvglm,0,0,0,0,0,0,0,0,0,0
env2,468.52086768754907,9.99000999000999e-4,LB,625,2001.130999999994,mvglm,0,0,0,0,0,0,0,0,0,0
Noise,11.407297176328939,0.2007992007992008,LB,625,2001.130999999994,mvglm,0,0,0,0,0,0,0,0,0,0
Noise,8.162297813100395,0.37462537462537465,LB,625,2001.130999999994,mvglm,0,0,0,0,0,0,0,0,0,0
env1,3884.190320480683,9.99000999000999e-4,LB,625,2006.2900000000373,mvglm,0,0,0,0,0,0,0,0,0,0
env2,468.52086768754907,9.99000999000999e-4,LB,625,2006.2900000000373,mvglm,0,0,0,0,0,0,0,0,0,0
Noise,1.0645931674271196,0.987012987012987,LB,625,2006.2900000000373,mvglm,0,0,0,0,0,0,0,0,0,0
Noise,3.736218529213602,0.7952047952047953,LB,625,2006.2900000000373,mvglm,0,0,0,0,0,0,0,0,0,0
env1,3884.190320480683,9.99000999000999e-4,LB,625,2007.6080000000075,mvglm,0,0,0,0,0,0,0,0,0,0
env2,468.52086768754907,9.99000999000999e-4,LB,625,2007.6080000000075,mvglm,0,0,0,0,0,0,0,0,0,0
Noise,5.515674493836741,0.5724275724275725,LB,625,2007.6080000000075,mvglm,0,0,0,0,0,0,0,0,0,0
Noise,7.664824773954933,0.3876123876123876,LB,625,2007.6080000000075,mvglm,0,0,0,0,0,0,0,0,0,0
env1,5615.64551906172,9.99000999000999e-4,LB,900,2852.7700000000186,mvglm,0,0,0,0,0,0,0,0,0,0
env2,668.8406159933347,9.99000999000999e-4,LB,900,2852.7700000000186,mvglm,0,0,0,0,0,0,0,0,0,0
Noise,3.6380717015654227,0.7872127872127872,LB,900,2852.7700000000186,mvglm,0,0,0,0,0,0,0,0,0,0
Noise,3.6240395687045748,0.7852147852147852,LB,900,2852.7700000000186,mvglm,0,0,0,0,0,0,0,0,0,0
env1,5615.64551906172,9.99000999000999e-4,LB,900,2857.795999999973,mvglm,0,0,0,0,0,0,0,0,0,0
env2,668.8406159933347,9.99000999000999e-4,LB,900,2857.795999999973,mvglm,0,0,0,0,0,0,0,0,0,0
Noise,1.8219172984618126,0.949050949050949,LB,900,2857.795999999973,mvglm,0,0,0,0,0,0,0,0,0,0
Noise,7.270450908459679,0.3946053946053946,LB,900,2857.795999999973,mvglm,0,0,0,0,0,0,0,0,0,0
env1,5615.64551906172,9.99000999000999e-4,LB,900,2870.7669999999925,mvglm,0,0,0,0,0,0,0,0,0,0
env2,668.8406159933347,9.99000999000999e-4,LB,900,2870.7669999999925,mvglm,0,0,0,0,0,0,0,0,0,0
Noise,12.697284166367353,0.11788211788211789,LB,900,2870.7669999999925,mvglm,0,0,0,0,0,0,0,0,0,0
Noise,4.4053964038857885,0.6883116883116883,LB,900,2870.7669999999925,mvglm,0,0,0,0,0,0,0,0,0,0
env1,5615.64551906172,9.99000999000999e-4,LB,900,2858.3159999999916,mvglm,0,0,0,0,0,0,0,0,0,0
env2,668.8406159933347,9.99000999000999e-4,LB,900,2858.3159999999916,mvglm,0,0,0,0,0,0,0,0,0,0
Noise,7.1037296945387425,0.41358641358641357,LB,900,2858.3159999999916,mvglm,0,0,0,0,0,0,0,0,0,0
Noise,1.7270012767094158,0.958041958041958,LB,900,2858.3159999999916,mvglm,0,0,0,0,0,0,0,0,0,0
env1,5615.64551906172,9.99000999000999e-4,LB,900,2852.426999999967,mvglm,0,0,0,0,0,0,0,0,0,0
env2,668.8406159933347,9.99000999000999e-4,LB,900,2852.426999999967,mvglm,0,0,0,0,0,0,0,0,0,0
Noise,3.3236018704246817,0.8261738261738262,LB,900,2852.426999999967,mvglm,0,0,0,0,0,0,0,0,0,0
Noise,6.004742017608805,0.5054945054945055,LB,900,2852.426999999967,mvglm,0,0,0,0,0,0,0,0,0,0
env1,69.76448067491793,9.99000999000999e-4,BB,25,262.8530000000028,mvglm,0,0,0,0,0,0,0,0,0,0
env2,69.1537772449169,0.008991008991008992,BB,25,262.8530000000028,mvglm,0,0,0,0,0,0,0,0,0,0
Noise,14.535847870179282,0.2887112887112887,BB,25,262.8530000000028,mvglm,0,0,0,0,0,0,0,0,0,0
Noise,10.253747807447226,0.7982017982017982,BB,25,262.8530000000028,mvglm,0,0,0,0,0,0,0,0,0,0
env1,69.76448067491793,9.99000999000999e-4,BB,25,249.0220000000554,mvglm,0,0,0,0,0,0,0,0,0,0
env2,69.1537772449169,0.00999000999000999,BB,25,249.0220000000554,mvglm,0,0,0,0,0,0,0,0,0,0
Noise,16.017611564355988,0.2807192807192807,BB,25,249.0220000000554,mvglm,0,0,0,0,0,0,0,0,0,0
Noise,42.54412710446782,0.46853146853146854,BB,25,249.0220000000554,mvglm,0,0,0,0,0,0,0,0,0,0
env1,69.76448067491793,9.99000999000999e-4,BB,25,251.82299999997485,mvglm,0,0,0,0,0,0,0,0,0,0
env2,69.1537772449169,0.012987012987012988,BB,25,251.82299999997485,mvglm,1,0,0,0,0,0,0,0,0,0
Noise,24.685053561639535,0.12487512487512488,BB,25,251.82299999997485,mvglm,0,0,0,0,0,0,0,0,0,0
Noise,17.649234671725722,0.5164835164835165,BB,25,251.82299999997485,mvglm,0,0,0,0,0,0,0,0,0,0
env1,69.76448067491793,9.99000999000999e-4,BB,25,251.55300000001444,mvglm,0,0,0,0,0,0,0,0,0,0
env2,69.1537772449169,0.008991008991008992,BB,25,251.55300000001444,mvglm,0,0,0,0,0,0,0,0,0,0
Noise,40.16207161156913,0.057942057942057944,BB,25,251.55300000001444,mvglm,0,0,0,0,0,0,0,0,1,1
Noise,18.77237293466625,0.5644355644355644,BB,25,251.55300000001444,mvglm,0,0,0,0,0,0,0,0,0,0
env1,69.76448067491793,9.99000999000999e-4,BB,25,264.4780000000028,mvglm,0,0,0,0,0,0,0,0,0,0
env2,69.1537772449169,0.007992007992007992,BB,25,264.4780000000028,mvglm,0,0,0,0,0,0,0,0,0,0
Noise,36.441182278880774,0.06493506493506493,BB,25,264.4780000000028,mvglm,0,0,0,0,0,0,0,0,1,1
Noise,23.073160805324463,0.46353646353646355,BB,25,264.4780000000028,mvglm,0,0,0,0,0,0,0,0,0,0
env1,233.04233278729157,9.99000999000999e-4,BB,100,1007.786999999953,mvglm,0,0,0,0,0,0,0,0,0,0
env2,245.07888552282907,9.99000999000999e-4,BB,100,1007.786999999953,mvglm,0,0,0,0,0,0,0,0,0,0
Noise,19.156503038423182,0.27672327672327673,BB,100,1007.786999999953,mvglm,0,0,0,0,0,0,0,0,0,0
Noise,22.963292924880818,0.34665334665334663,BB,100,1007.786999999953,mvglm,0,0,0,0,0,0,0,0,0,0
env1,233.04233278729157,9.99000999000999e-4,BB,100,985.4500000000116,mvglm,0,0,0,0,0,0,0,0,0,0
env2,245.07888552282907,9.99000999000999e-4,BB,100,985.4500000000116,mvglm,0,0,0,0,0,0,0,0,0,0
Noise,19.434553799309526,0.3106893106893107,BB,100,985.4500000000116,mvglm,0,0,0,0,0,0,0,0,0,0
Noise,11.800151905883297,0.5764235764235764,BB,100,985.4500000000116,mvglm,0,0,0,0,0,0,0,0,0,0
env1,233.04233278729157,9.99000999000999e-4,BB,100,985.4679999999935,mvglm,0,0,0,0,0,0,0,0,0,0
env2,245.07888552282907,9.99000999000999e-4,BB,100,985.4679999999935,mvglm,0,0,0,0,0,0,0,0,0,0
Noise,15.851304779234283,0.4085914085914086,BB,100,985.4679999999935,mvglm,0,0,0,0,0,0,0,0,0,0
Noise,26.833838150090628,0.1978021978021978,BB,100,985.4679999999935,mvglm,0,0,0,0,0,0,0,0,0,0
env1,233.04233278729157,9.99000999000999e-4,BB,100,979.9469999999856,mvglm,0,0,0,0,0,0,0,0,0,0
env2,245.07888552282907,9.99000999000999e-4,BB,100,979.9469999999856,mvglm,0,0,0,0,0,0,0,0,0,0
Noise,11.504265700945268,0.6143856143856143,BB,100,979.9469999999856,mvglm,0,0,0,0,0,0,0,0,0,0
Noise,11.888565193686475,0.5504495504495505,BB,100,979.9469999999856,mvglm,0,0,0,0,0,0,0,0,0,0
env1,233.04233278729157,9.99000999000999e-4,BB,100,986.984999999986,mvglm,0,0,0,0,0,0,0,0,0,0
env2,245.07888552282907,9.99000999000999e-4,BB,100,986.984999999986,mvglm,0,0,0,0,0,0,0,0,0,0
Noise,30.00653124450031,0.13586413586413587,BB,100,986.984999999986,mvglm,0,0,0,0,0,0,0,0,0,0
Noise,5.673219645510358,0.8981018981018981,BB,100,986.984999999986,mvglm,0,0,0,0,0,0,0,0,0,0
env1,562.3136807499843,9.99000999000999e-4,BB,225,2072.451000000001,mvglm,0,0,0,0,0,0,0,0,0,0
env2,597.2369530399349,9.99000999000999e-4,BB,225,2072.451000000001,mvglm,0,0,0,0,0,0,0,0,0,0
Noise,19.74588676283838,0.2987012987012987,BB,225,2072.451000000001,mvglm,0,0,0,0,0,0,0,0,0,0
Noise,29.96648909081796,0.15284715284715283,BB,225,2072.451000000001,mvglm,0,0,0,0,0,0,0,0,0,0
env1,562.3136807499843,9.99000999000999e-4,BB,225,2128.7490000000107,mvglm,0,0,0,0,0,0,0,0,0,0
env2,597.2369530399349,9.99000999000999e-4,BB,225,2128.7490000000107,mvglm,0,0,0,0,0,0,0,0,0,0
Noise,17.224358865579916,0.4065934065934066,BB,225,2128.7490000000107,mvglm,0,0,0,0,0,0,0,0,0,0
Noise,15.750997287534801,0.44455544455544455,BB,225,2128.7490000000107,mvglm,0,0,0,0,0,0,0,0,0,0
env1,562.3136807499843,9.99000999000999e-4,BB,225,2181.564000000013,mvglm,0,0,0,0,0,0,0,0,0,0
env2,597.2369530399349,9.99000999000999e-4,BB,225,2181.564000000013,mvglm,0,0,0,0,0,0,0,0,0,0
Noise,9.48540904134552,0.7822177822177823,BB,225,2181.564000000013,mvglm,0,0,0,0,0,0,0,0,0,0
Noise,6.376425603084499,0.8871128871128872,BB,225,2181.564000000013,mvglm,0,0,0,0,0,0,0,0,0,0
env1,562.3136807499843,9.99000999000999e-4,BB,225,2122.7810000000172,mvglm,0,0,0,0,0,0,0,0,0,0
env2,597.2369530399349,9.99000999000999e-4,BB,225,2122.7810000000172,mvglm,0,0,0,0,0,0,0,0,0,0
Noise,10.949898550558828,0.7192807192807192,BB,225,2122.7810000000172,mvglm,0,0,0,0,0,0,0,0,0,0
Noise,4.527806590602495,0.9600399600399601,BB,225,2122.7810000000172,mvglm,0,0,0,0,0,0,0,0,0,0
env1,562.3136807499843,9.99000999000999e-4,BB,225,2087.092000000004,mvglm,0,0,0,0,0,0,0,0,0,0
env2,597.2369530399349,9.99000999000999e-4,BB,225,2087.092000000004,mvglm,0,0,0,0,0,0,0,0,0,0
Noise,7.487245197138691,0.8711288711288712,BB,225,2087.092000000004,mvglm,0,0,0,0,0,0,0,0,0,0
Noise,11.249846104786684,0.6613386613386614,BB,225,2087.092000000004,mvglm,0,0,0,0,0,0,0,0,0,0
env1,978.8702549336708,9.99000999000999e-4,BB,400,3728.082000000053,mvglm,0,0,0,0,0,0,0,0,0,0
env2,1039.1166748468524,9.99000999000999e-4,BB,400,3728.082000000053,mvglm,0,0,0,0,0,0,0,0,0,0
Noise,13.658895653273476,0.6113886113886113,BB,400,3728.082000000053,mvglm,0,0,0,0,0,0,0,0,0,0
Noise,7.601481211057035,0.8831168831168831,BB,400,3728.082000000053,mvglm,0,0,0,0,0,0,0,0,0,0
env1,978.8702549336708,9.99000999000999e-4,BB,400,3823.3890000000247,mvglm,0,0,0,0,0,0,0,0,0,0
env2,1039.1166748468524,9.99000999000999e-4,BB,400,3823.3890000000247,mvglm,0,0,0,0,0,0,0,0,0,0
Noise,9.228410579514502,0.8201798201798202,BB,400,3823.3890000000247,mvglm,0,0,0,0,0,0,0,0,0,0
Noise,13.35486610213411,0.5724275724275725,BB,400,3823.3890000000247,mvglm,0,0,0,0,0,0,0,0,0,0
env1,978.8702549336708,9.99000999000999e-4,BB,400,3740.75900000002,mvglm,0,0,0,0,0,0,0,0,0,0
env2,1039.1166748468524,9.99000999000999e-4,BB,400,3740.75900000002,mvglm,0,0,0,0,0,0,0,0,0,0
Noise,4.148841602651601,0.98001998001998,BB,400,3740.75900000002,mvglm,0,0,0,0,0,0,0,0,0,0
Noise,11.429073483573575,0.6873126873126874,BB,400,3740.75900000002,mvglm,0,0,0,0,0,0,0,0,0,0
env1,978.8702549336708,9.99000999000999e-4,BB,400,3720.1059999999707,mvglm,0,0,0,0,0,0,0,0,0,0
env2,1039.1166748468524,9.99000999000999e-4,BB,400,3720.1059999999707,mvglm,0,0,0,0,0,0,0,0,0,0
Noise,9.526973639277685,0.8021978021978022,BB,400,3720.1059999999707,mvglm,0,0,0,0,0,0,0,0,0,0
Noise,2.8839125398403667,0.988011988011988,BB,400,3720.1059999999707,mvglm,0,0,0,0,0,0,0,0,0,0
env1,978.8702549336708,9.99000999000999e-4,BB,400,3785.0690000000177,mvglm,0,0,0,0,0,0,0,0,0,0
env2,1039.1166748468524,9.99000999000999e-4,BB,400,3785.0690000000177,mvglm,0,0,0,0,0,0,0,0,0,0
Noise,3.659326602527699,0.986013986013986,BB,400,3785.0690000000177,mvglm,0,0,0,0,0,0,0,0,0,0
Noise,5.24938736578838,0.9530469530469531,BB,400,3785.0690000000177,mvglm,0,0,0,0,0,0,0,0,0,0
env1,1612.8800819891594,9.99000999000999e-4,BB,625,5755.272,mvglm,0,0,0,0,0,0,0,0,0,0
env2,1719.5036509729543,9.99000999000999e-4,BB,625,5755.272,mvglm,0,0,0,0,0,0,0,0,0,0
Noise,9.76475737525925,0.7812187812187812,BB,625,5755.272,mvglm,0,0,0,0,0,0,0,0,0,0
Noise,8.437440143215099,0.8461538461538461,BB,625,5755.272,mvglm,0,0,0,0,0,0,0,0,0,0
env1,1612.8800819891594,9.99000999000999e-4,BB,625,5821.234,mvglm,0,0,0,0,0,0,0,0,0,0
env2,1719.5036509729543,9.99000999000999e-4,BB,625,5821.234,mvglm,0,0,0,0,0,0,0,0,0,0
Noise,5.493398990974583,0.9600399600399601,BB,625,5821.234,mvglm,0,0,0,0,0,0,0,0,0,0
Noise,7.257636133623237,0.8821178821178821,BB,625,5821.234,mvglm,0,0,0,0,0,0,0,0,0,0
env1,1612.8800819891594,9.99000999000999e-4,BB,625,5715.111000000001,mvglm,0,0,0,0,0,0,0,0,0,0
env2,1719.5036509729543,9.99000999000999e-4,BB,625,5715.111000000001,mvglm,0,0,0,0,0,0,0,0,0,0
Noise,19.431233686649648,0.34965034965034963,BB,625,5715.111000000001,mvglm,0,0,0,0,0,0,0,0,0,0
Noise,5.416462041424893,0.9660339660339661,BB,625,5715.111000000001,mvglm,0,0,0,0,0,0,0,0,0,0
env1,1612.8800819891594,9.99000999000999e-4,BB,625,5825.0430000000015,mvglm,0,0,0,0,0,0,0,0,0,0
env2,1719.5036509729543,9.99000999000999e-4,BB,625,5825.0430000000015,mvglm,0,0,0,0,0,0,0,0,0,0
Noise,9.90810586166026,0.7802197802197802,BB,625,5825.0430000000015,mvglm,0,0,0,0,0,0,0,0,0,0
Noise,11.430082197587126,0.6713286713286714,BB,625,5825.0430000000015,mvglm,0,0,0,0,0,0,0,0,0,0
env1,1612.8800819891594,9.99000999000999e-4,BB,625,5838.042999999998,mvglm,0,0,0,0,0,0,0,0,0,0
env2,1719.5036509729543,9.99000999000999e-4,BB,625,5838.042999999998,mvglm,0,0,0,0,0,0,0,0,0,0
Noise,6.612368440147748,0.9100899100899101,BB,625,5838.042999999998,mvglm,0,0,0,0,0,0,0,0,0,0
Noise,2.575592319413772,0.991008991008991,BB,625,5838.042999999998,mvglm,0,0,0,0,0,0,0,0,0,0
env1,2274.3851141845716,9.99000999000999e-4,BB,900,8032.358,mvglm,0,0,0,0,0,0,0,0,0,0
env2,2437.331479039523,9.99000999000999e-4,BB,900,8032.358,mvglm,0,0,0,0,0,0,0,0,0,0
Noise,10.044216012284778,0.7372627372627373,BB,900,8032.358,mvglm,0,0,0,0,0,0,0,0,0,0
Noise,7.077234970872269,0.8971028971028971,BB,900,8032.358,mvglm,0,0,0,0,0,0,0,0,0,0
env1,2274.3851141845716,9.99000999000999e-4,BB,900,8059.270000000004,mvglm,0,0,0,0,0,0,0,0,0,0
env2,2437.331479039523,9.99000999000999e-4,BB,900,8059.270000000004,mvglm,0,0,0,0,0,0,0,0,0,0
Noise,9.656634941424272,0.7952047952047953,BB,900,8059.270000000004,mvglm,0,0,0,0,0,0,0,0,0,0
Noise,8.652652716023567,0.8281718281718282,BB,900,8059.270000000004,mvglm,0,0,0,0,0,0,0,0,0,0
env1,2274.3851141845716,9.99000999000999e-4,BB,900,8090.616999999998,mvglm,0,0,0,0,0,0,0,0,0,0
env2,2437.331479039523,9.99000999000999e-4,BB,900,8090.616999999998,mvglm,0,0,0,0,0,0,0,0,0,0
Noise,19.55245827172712,0.37162837162837165,BB,900,8090.616999999998,mvglm,0,0,0,0,0,0,0,0,0,0
Noise,20.806664365014512,0.3076923076923077,BB,900,8090.616999999998,mvglm,0,0,0,0,0,0,0,0,0,0
env1,2274.3851141845716,9.99000999000999e-4,BB,900,8008.68,mvglm,0,0,0,0,0,0,0,0,0,0
env2,2437.331479039523,9.99000999000999e-4,BB,900,8008.68,mvglm,0,0,0,0,0,0,0,0,0,0
Noise,11.051918274127729,0.7102897102897103,BB,900,8008.68,mvglm,0,0,0,0,0,0,0,0,0,0
Noise,5.784088988785243,0.9340659340659341,BB,900,8008.68,mvglm,0,0,0,0,0,0,0,0,0,0
env1,2274.3851141845716,9.99000999000999e-4,BB,900,8192.538999999997,mvglm,0,0,0,0,0,0,0,0,0,0
env2,2437.331479039523,9.99000999000999e-4,BB,900,8192.538999999997,mvglm,0,0,0,0,0,0,0,0,0,0
Noise,5.52387592937157,0.948051948051948,BB,900,8192.538999999997,mvglm,0,0,0,0,0,0,0,0,0,0
Noise,11.77621226013207,0.6453546453546454,BB,900,8192.538999999997,mvglm,0,0,0,0,0,0,0,0,0,0
